GEOID,year,name,parent-location,population,poverty-rate,renter-occupied-households,pct-renter-occupied,median-gross-rent,median-household-income,median-property-value,rent-burden,pct-white,pct-af-am,pct-hispanic,pct-am-ind,pct-asian,pct-nh-pi,pct-multiple,pct-other,eviction-filings,evictions,eviction-rate,eviction-filing-rate,low-flag,imputed,subbed
4403520,2000,Ashaway,Rhode Island,1537.0,7.9,,17.66,814.0,47271.0,126500.0,20.6,95.32,0.2,1.37,1.43,1.04,0.0,0.65,0.0,,,,,0,0,0
4403520,2001,Ashaway,Rhode Island,1537.0,7.9,94.57,17.66,814.0,47271.0,126500.0,20.6,95.32,0.2,1.37,1.43,1.04,0.0,0.65,0.0,5.71,5.71,6.04,6.04,1,0,0
4403520,2002,Ashaway,Rhode Island,1537.0,7.9,,17.66,814.0,47271.0,126500.0,20.6,95.32,0.2,1.37,1.43,1.04,0.0,0.65,0.0,,,,,0,0,0
4403520,2003,Ashaway,Rhode Island,1537.0,7.9,,17.66,814.0,47271.0,126500.0,20.6,95.32,0.2,1.37,1.43,1.04,0.0,0.65,0.0,,,,,0,0,0
4403520,2004,Ashaway,Rhode Island,1537.0,7.9,,17.66,814.0,47271.0,126500.0,20.6,95.32,0.2,1.37,1.43,1.04,0.0,0.65,0.0,,,,,0,0,0
4403520,2005,Ashaway,Rhode Island,1655.0,0.0,,22.44,940.0,71607.0,269900.0,27.0,82.18,0.0,5.5,9.91,2.42,0.0,0.0,0.0,,,,,0,0,0
4403520,2006,Ashaway,Rhode Island,1655.0,0.0,,22.44,940.0,71607.0,269900.0,27.0,82.18,0.0,5.5,9.91,2.42,0.0,0.0,0.0,,,,,0,0,0
4403520,2007,Ashaway,Rhode Island,1655.0,0.0,104.17,22.44,940.0,71607.0,269900.0,27.0,82.18,0.0,5.5,9.91,2.42,0.0,0.0,0.0,2.18,2.18,2.1,2.1,1,0,0
4403520,2008,Ashaway,Rhode Island,1655.0,0.0,105.85,22.44,940.0,71607.0,269900.0,27.0,82.18,0.0,5.5,9.91,2.42,0.0,0.0,0.0,2.18,2.18,2.06,2.06,1,0,0
4403520,2009,Ashaway,Rhode Island,1655.0,0.0,107.36,22.44,940.0,71607.0,269900.0,27.0,82.18,0.0,5.5,9.91,2.42,0.0,0.0,0.0,2.36,2.36,2.19,2.19,1,0,0
4403520,2010,Ashaway,Rhode Island,1485.0,0.0,109.05,20.49,,84500.0,237200.0,,92.86,0.67,2.83,1.55,0.88,0.0,1.14,0.07,4.88,4.88,4.48,4.48,1,0,0
4403520,2011,Ashaway,Rhode Island,1108.0,0.0,109.22,5.57,,83631.0,221700.0,,100.0,0.0,0.0,0.0,0.0,0.0,0.0,0.0,3.7,3.7,3.38,3.38,1,0,0
4403520,2012,Ashaway,Rhode Island,1108.0,0.0,,5.57,,83631.0,221700.0,,100.0,0.0,0.0,0.0,0.0,0.0,0.0,0.0,,,,,0,0,0
4403520,2013,Ashaway,Rhode Island,1108.0,0.0,,5.57,,83631.0,221700.0,,100.0,0.0,0.0,0.0,0.0,0.0,0.0,0.0,,,,,0,0,0
4403520,2014,Ashaway,Rhode Island,1108.0,0.0,,5.57,,83631.0,221700.0,,100.0,0.0,0.0,0.0,0.0,0.0,0.0,0.0,,,,,0,0,0
4403520,2015,Ashaway,Rhode Island,1108.0,0.0,109.74,5.57,,83631.0,221700.0,,100.0,0.0,0.0,0.0,0.0,0.0,0.0,0.0,6.05,3.2,2.91,5.51,0,0,0
4403520,2016,Ashaway,Rhode Island,1108.0,0.0,109.91,5.57,,83631.0,221700.0,,100.0,0.0,0.0,0.0,0.0,0.0,0.0,0.0,7.07,4.71,4.29,6.43,1,0,0
4404960,2000,Barrington,Rhode Island,16819.0,3.44,,11.65,728.0,74591.0,198500.0,25.3,95.68,0.66,1.05,0.1,1.76,0.0,0.68,0.07,,,,,0,0,0
4404960,2001,Barrington,Rhode Island,16819.0,3.44,,11.65,728.0,74591.0,198500.0,25.3,95.68,0.66,1.05,0.1,1.76,0.0,0.68,0.07,,,,,0,0,0
4404960,2002,Barrington,Rhode Island,16819.0,3.44,,11.65,728.0,74591.0,198500.0,25.3,95.68,0.66,1.05,0.1,1.76,0.0,0.68,0.07,,,,,0,0,0
4404960,2003,Barrington,Rhode Island,16819.0,3.44,,11.65,728.0,74591.0,198500.0,25.3,95.68,0.66,1.05,0.1,1.76,0.0,0.68,0.07,,,,,0,0,0
4404960,2004,Barrington,Rhode Island,16819.0,3.44,,11.65,728.0,74591.0,198500.0,25.3,95.68,0.66,1.05,0.1,1.76,0.0,0.68,0.07,,,,,0,0,0
4404960,2005,Barrington,Rhode Island,16455.0,0.98,,11.75,1018.0,96250.0,432800.0,35.8,92.5,0.58,2.5,0.3,3.35,0.0,0.77,0.0,,,,,0,0,0
4404960,2006,Barrington,Rhode Island,16455.0,0.98,,11.75,1018.0,96250.0,432800.0,35.8,92.5,0.58,2.5,0.3,3.35,0.0,0.77,0.0,,,,,0,0,0
4404960,2007,Barrington,Rhode Island,16455.0,0.98,,11.75,1018.0,96250.0,432800.0,35.8,92.5,0.58,2.5,0.3,3.35,0.0,0.77,0.0,,,,,0,0,0
4404960,2008,Barrington,Rhode Island,16455.0,0.98,,11.75,1018.0,96250.0,432800.0,35.8,92.5,0.58,2.5,0.3,3.35,0.0,0.77,0.0,,,,,0,0,0
4404960,2009,Barrington,Rhode Island,16455.0,0.98,,11.75,1018.0,96250.0,432800.0,35.8,92.5,0.58,2.5,0.3,3.35,0.0,0.77,0.0,,,,,0,0,0
4408020,2000,Bradford,Rhode Island,1497.0,13.13,,31.74,672.0,42130.0,112000.0,26.1,94.79,0.67,1.94,0.73,0.6,0.0,1.27,0.0,,,,,0,0,0
4408020,2001,Bradford,Rhode Island,1497.0,13.13,152.72,31.74,672.0,42130.0,112000.0,26.1,94.79,0.67,1.94,0.73,0.6,0.0,1.27,0.0,2.99,2.99,1.96,1.96,1,0,0
4408020,2002,Bradford,Rhode Island,1497.0,13.13,,31.74,672.0,42130.0,112000.0,26.1,94.79,0.67,1.94,0.73,0.6,0.0,1.27,0.0,,,,,0,0,0
4408020,2003,Bradford,Rhode Island,1497.0,13.13,,31.74,672.0,42130.0,112000.0,26.1,94.79,0.67,1.94,0.73,0.6,0.0,1.27,0.0,,,,,0,0,0
4408020,2004,Bradford,Rhode Island,1497.0,13.13,,31.74,672.0,42130.0,112000.0,26.1,94.79,0.67,1.94,0.73,0.6,0.0,1.27,0.0,,,,,0,0,0
4408020,2005,Bradford,Rhode Island,1726.0,4.49,,36.73,847.0,47955.0,275100.0,38.6,89.98,4.92,0.0,0.0,1.27,0.0,3.82,0.0,,,,,0,0,0
4408020,2006,Bradford,Rhode Island,1726.0,4.49,,36.73,847.0,47955.0,275100.0,38.6,89.98,4.92,0.0,0.0,1.27,0.0,3.82,0.0,,,,,0,0,0
4408020,2007,Bradford,Rhode Island,1726.0,4.49,153.72,36.73,847.0,47955.0,275100.0,38.6,89.98,4.92,0.0,0.0,1.27,0.0,3.82,0.0,6.99,6.99,4.55,4.55,1,0,0
4408020,2008,Bradford,Rhode Island,1726.0,4.49,153.72,36.73,847.0,47955.0,275100.0,38.6,89.98,4.92,0.0,0.0,1.27,0.0,3.82,0.0,5.99,5.99,3.9,3.9,1,0,0
4408020,2009,Bradford,Rhode Island,1726.0,4.49,153.72,36.73,847.0,47955.0,275100.0,38.6,89.98,4.92,0.0,0.0,1.27,0.0,3.82,0.0,9.98,9.98,6.49,6.49,1,0,0
4408020,2010,Bradford,Rhode Island,1406.0,4.97,153.72,31.1,899.0,41132.0,261200.0,37.5,92.32,1.56,1.56,2.2,0.21,0.0,2.13,0.0,8.98,7.99,5.19,5.84,1,0,0
4408020,2011,Bradford,Rhode Island,1158.0,16.05,154.71,26.18,964.0,62888.0,215600.0,50.0,92.49,2.94,0.0,4.58,0.0,0.0,0.0,0.0,10.98,9.98,6.45,7.1,1,0,0
4408020,2012,Bradford,Rhode Island,1158.0,16.05,,26.18,964.0,62888.0,215600.0,50.0,92.49,2.94,0.0,4.58,0.0,0.0,0.0,0.0,,,,,0,0,0
4408020,2013,Bradford,Rhode Island,1158.0,16.05,,26.18,964.0,62888.0,215600.0,50.0,92.49,2.94,0.0,4.58,0.0,0.0,0.0,0.0,,,,,0,0,0
4408020,2014,Bradford,Rhode Island,1158.0,16.05,,26.18,964.0,62888.0,215600.0,50.0,92.49,2.94,0.0,4.58,0.0,0.0,0.0,0.0,,,,,0,0,0
4408020,2015,Bradford,Rhode Island,1158.0,16.05,158.71,26.18,964.0,62888.0,215600.0,50.0,92.49,2.94,0.0,4.58,0.0,0.0,0.0,0.0,7.99,4.99,3.14,5.03,0,0,0
4408020,2016,Bradford,Rhode Island,1158.0,16.05,159.7,26.18,964.0,62888.0,215600.0,50.0,92.49,2.94,0.0,4.58,0.0,0.0,0.0,0.0,10.98,6.99,4.37,6.87,1,0,0
4409460,2000,Bristol,Rhode Island,22469.0,8.05,,33.97,572.0,43689.0,157100.0,24.5,96.26,0.59,1.29,0.14,0.65,0.04,0.96,0.07,,,,,0,0,0
4409460,2001,Bristol,Rhode Island,22469.0,8.05,,33.97,572.0,43689.0,157100.0,24.5,96.26,0.59,1.29,0.14,0.65,0.04,0.96,0.07,,,,,0,0,0
4409460,2002,Bristol,Rhode Island,22469.0,8.05,,33.97,572.0,43689.0,157100.0,24.5,96.26,0.59,1.29,0.14,0.65,0.04,0.96,0.07,,,,,0,0,0
4409460,2003,Bristol,Rhode Island,22469.0,8.05,,33.97,572.0,43689.0,157100.0,24.5,96.26,0.59,1.29,0.14,0.65,0.04,0.96,0.07,,,,,0,0,0
4409460,2004,Bristol,Rhode Island,22469.0,8.05,,33.97,572.0,43689.0,157100.0,24.5,96.26,0.59,1.29,0.14,0.65,0.04,0.96,0.07,,,,,0,0,0
4409460,2005,Bristol,Rhode Island,22502.0,4.66,,31.88,879.0,63885.0,355500.0,31.5,96.37,0.44,1.34,0.04,1.34,0.0,0.48,0.0,,,,,0,0,0
4409460,2006,Bristol,Rhode Island,22502.0,4.66,,31.88,879.0,63885.0,355500.0,31.5,96.37,0.44,1.34,0.04,1.34,0.0,0.48,0.0,,,,,0,0,0
4409460,2007,Bristol,Rhode Island,22502.0,4.66,,31.88,879.0,63885.0,355500.0,31.5,96.37,0.44,1.34,0.04,1.34,0.0,0.48,0.0,,,,,0,0,0
4409460,2008,Bristol,Rhode Island,22502.0,4.66,,31.88,879.0,63885.0,355500.0,31.5,96.37,0.44,1.34,0.04,1.34,0.0,0.48,0.0,,,,,0,0,0
4409460,2009,Bristol,Rhode Island,22502.0,4.66,,31.88,879.0,63885.0,355500.0,31.5,96.37,0.44,1.34,0.04,1.34,0.0,0.48,0.0,,,,,0,0,0
4412340,2000,Carolina,Rhode Island,,,,,,,,,,,,,,,,,,,,,0,0,0
4412340,2001,Carolina,Rhode Island,,,44.81,,,,,,,,,,,,,,0.42,0.42,0.94,0.94,1,0,0
4412340,2002,Carolina,Rhode Island,,,,,,,,,,,,,,,,,,,,,0,0,0
4412340,2003,Carolina,Rhode Island,,,,,,,,,,,,,,,,,,,,,0,0,0
4412340,2004,Carolina,Rhode Island,,,,,,,,,,,,,,,,,,,,,0,0,0
4412340,2005,Carolina,Rhode Island,,,,,,,,,,,,,,,,,,,,,0,0,0
4412340,2006,Carolina,Rhode Island,,,,,,,,,,,,,,,,,,,,,0,0,0
4412340,2007,Carolina,Rhode Island,,,47.11,,,,,,,,,,,,,,0.32,0.32,0.69,0.69,1,0,0
4412340,2008,Carolina,Rhode Island,,,47.62,,,,,,,,,,,,,,1.22,1.17,2.45,2.57,1,0,0
4412340,2009,Carolina,Rhode Island,,,47.85,,,,,,,,,,,,,,1.18,1.18,2.47,2.47,1,0,0
4412340,2010,Carolina,Rhode Island,970.0,0.0,48.36,13.24,1563.0,83661.0,282000.0,,96.08,0.52,1.13,0.41,0.41,0.0,1.34,0.1,0.23,0.23,0.47,0.47,1,0,0
4412340,2011,Carolina,Rhode Island,787.0,4.32,48.85,8.07,,83594.0,289600.0,,87.29,5.46,2.67,1.52,3.05,0.0,0.0,0.0,1.47,1.47,3.0,3.0,1,0,0
4412340,2012,Carolina,Rhode Island,787.0,4.32,,8.07,,83594.0,289600.0,,87.29,5.46,2.67,1.52,3.05,0.0,0.0,0.0,,,,,0,0,0
4412340,2013,Carolina,Rhode Island,787.0,4.32,,8.07,,83594.0,289600.0,,87.29,5.46,2.67,1.52,3.05,0.0,0.0,0.0,,,,,0,0,0
4412340,2014,Carolina,Rhode Island,787.0,4.32,,8.07,,83594.0,289600.0,,87.29,5.46,2.67,1.52,3.05,0.0,0.0,0.0,,,,,0,0,0
4412340,2015,Carolina,Rhode Island,787.0,4.32,50.62,8.07,,83594.0,289600.0,,87.29,5.46,2.67,1.52,3.05,0.0,0.0,0.0,2.84,1.91,3.76,5.61,0,0,0
4412340,2016,Carolina,Rhode Island,787.0,4.32,51.12,8.07,,83594.0,289600.0,,87.29,5.46,2.67,1.52,3.05,0.0,0.0,0.0,0.82,0.49,0.97,1.6,1,0,0
4414140,2000,Central Falls,Rhode Island,18928.0,29.03,,78.2,463.0,22628.0,88800.0,26.6,40.03,4.31,47.77,0.28,0.63,0.01,3.74,3.23,,,,,0,0,0
4414140,2001,Central Falls,Rhode Island,18928.0,29.03,,78.2,463.0,22628.0,88800.0,26.6,40.03,4.31,47.77,0.28,0.63,0.01,3.74,3.23,,,,,0,0,0
4414140,2002,Central Falls,Rhode Island,18928.0,29.03,,78.2,463.0,22628.0,88800.0,26.6,40.03,4.31,47.77,0.28,0.63,0.01,3.74,3.23,,,,,0,0,0
4414140,2003,Central Falls,Rhode Island,18928.0,29.03,,78.2,463.0,22628.0,88800.0,26.6,40.03,4.31,47.77,0.28,0.63,0.01,3.74,3.23,,,,,0,0,0
4414140,2004,Central Falls,Rhode Island,18928.0,29.03,,78.2,463.0,22628.0,88800.0,26.6,40.03,4.31,47.77,0.28,0.63,0.01,3.74,3.23,,,,,0,0,0
4414140,2005,Central Falls,Rhode Island,18869.0,25.44,,75.66,765.0,33520.0,235300.0,29.1,29.56,6.87,60.18,0.12,0.31,0.0,0.91,2.05,,,,,0,0,0
4414140,2006,Central Falls,Rhode Island,18869.0,25.44,,75.66,765.0,33520.0,235300.0,29.1,29.56,6.87,60.18,0.12,0.31,0.0,0.91,2.05,,,,,0,0,0
4414140,2007,Central Falls,Rhode Island,18869.0,25.44,5116.0,75.66,765.0,33520.0,235300.0,29.1,29.56,6.87,60.18,0.12,0.31,0.0,0.91,2.05,164.0,154.0,3.01,3.21,1,0,0
4414140,2008,Central Falls,Rhode Island,18869.0,25.44,5098.0,75.66,765.0,33520.0,235300.0,29.1,29.56,6.87,60.18,0.12,0.31,0.0,0.91,2.05,165.0,158.0,3.1,3.24,1,0,0
4414140,2009,Central Falls,Rhode Island,18869.0,25.44,5081.0,75.66,765.0,33520.0,235300.0,29.1,29.56,6.87,60.18,0.12,0.31,0.0,0.91,2.05,167.0,155.0,3.05,3.29,1,0,0
4414140,2010,Central Falls,Rhode Island,19376.0,26.96,5063.0,77.58,790.0,29268.0,185300.0,31.9,25.63,7.29,60.31,0.3,0.51,0.05,2.96,2.95,174.0,161.0,3.18,3.44,0,0,0
4414140,2011,Central Falls,Rhode Island,19378.0,31.18,5078.0,75.32,815.0,29108.0,151300.0,34.9,20.79,10.08,65.1,0.28,0.15,0.0,2.06,1.53,154.0,146.0,2.88,3.03,0,0,0
4414140,2012,Central Falls,Rhode Island,19378.0,31.18,5092.0,75.32,815.0,29108.0,151300.0,34.9,20.79,10.08,65.1,0.28,0.15,0.0,2.06,1.53,152.0,146.0,2.87,2.99,1,0,0
4414140,2013,Central Falls,Rhode Island,19378.0,31.18,5108.0,75.32,815.0,29108.0,151300.0,34.9,20.79,10.08,65.1,0.28,0.15,0.0,2.06,1.53,188.0,181.0,3.54,3.68,0,0,0
4414140,2014,Central Falls,Rhode Island,19378.0,31.18,5116.0,75.32,815.0,29108.0,151300.0,34.9,20.79,10.08,65.1,0.28,0.15,0.0,2.06,1.53,205.0,149.0,2.91,4.01,0,0,0
4414140,2015,Central Falls,Rhode Island,19378.0,31.18,5131.0,75.32,815.0,29108.0,151300.0,34.9,20.79,10.08,65.1,0.28,0.15,0.0,2.06,1.53,273.0,201.0,3.92,5.32,0,0,0
4414140,2016,Central Falls,Rhode Island,19378.0,31.18,5145.0,75.32,815.0,29108.0,151300.0,34.9,20.79,10.08,65.1,0.28,0.15,0.0,2.06,1.53,266.0,182.0,3.54,5.17,0,0,0
4414320,2011,Charlestown,Rhode Island,1207.0,0.0,,8.06,1141.0,79750.0,332000.0,23.4,98.01,0.0,0.0,0.0,0.0,0.0,1.99,0.0,,,,,0,0,0
4414320,2012,Charlestown,Rhode Island,1207.0,0.0,,8.06,1141.0,79750.0,332000.0,23.4,98.01,0.0,0.0,0.0,0.0,0.0,1.99,0.0,,,,,0,0,0
4414320,2013,Charlestown,Rhode Island,1207.0,0.0,,8.06,1141.0,79750.0,332000.0,23.4,98.01,0.0,0.0,0.0,0.0,0.0,1.99,0.0,,,,,0,0,0
4414320,2014,Charlestown,Rhode Island,1207.0,0.0,,8.06,1141.0,79750.0,332000.0,23.4,98.01,0.0,0.0,0.0,0.0,0.0,1.99,0.0,,,,,0,0,0
4414320,2015,Charlestown,Rhode Island,1207.0,0.0,,8.06,1141.0,79750.0,332000.0,23.4,98.01,0.0,0.0,0.0,0.0,0.0,1.99,0.0,,,,,0,0,0
4414320,2016,Charlestown,Rhode Island,1207.0,0.0,,8.06,1141.0,79750.0,332000.0,23.4,98.01,0.0,0.0,0.0,0.0,0.0,1.99,0.0,,,,,0,0,0
4414860,2000,Chepachet,Rhode Island,,,,,,,,,,,,,,,,,,,,,0,0,0
4414860,2001,Chepachet,Rhode Island,,,,,,,,,,,,,,,,,,,,,0,0,0
4414860,2002,Chepachet,Rhode Island,,,,,,,,,,,,,,,,,,,,,0,0,0
4414860,2003,Chepachet,Rhode Island,,,,,,,,,,,,,,,,,,,,,0,0,0
4414860,2004,Chepachet,Rhode Island,,,,,,,,,,,,,,,,,,,,,0,0,0
4414860,2005,Chepachet,Rhode Island,,,,,,,,,,,,,,,,,,,,,0,0,0
4414860,2006,Chepachet,Rhode Island,,,,,,,,,,,,,,,,,,,,,0,0,0
4414860,2007,Chepachet,Rhode Island,,,89.88,,,,,,,,,,,,,,2.59,2.59,2.88,2.88,1,0,0
4414860,2008,Chepachet,Rhode Island,,,89.56,,,,,,,,,,,,,,3.2,3.2,3.57,3.57,1,0,0
4414860,2009,Chepachet,Rhode Island,,,88.89,,,,,,,,,,,,,,2.94,2.52,2.84,3.31,1,0,0
4414860,2010,Chepachet,Rhode Island,1675.0,3.67,88.45,25.53,503.0,82083.0,244900.0,30.6,96.3,0.06,1.73,0.06,0.84,0.0,0.84,0.18,2.13,2.13,2.41,2.41,0,0,0
4414860,2011,Chepachet,Rhode Island,1656.0,0.0,90.5,23.23,,78750.0,233600.0,25.2,97.58,0.0,2.42,0.0,0.0,0.0,0.0,0.0,2.1,1.79,1.98,2.32,0,0,0
4414860,2012,Chepachet,Rhode Island,1656.0,0.0,92.96,23.23,,78750.0,233600.0,25.2,97.58,0.0,2.42,0.0,0.0,0.0,0.0,0.0,1.47,0.84,0.9,1.58,1,0,0
4414860,2013,Chepachet,Rhode Island,1656.0,0.0,95.34,23.23,,78750.0,233600.0,25.2,97.58,0.0,2.42,0.0,0.0,0.0,0.0,0.0,3.12,1.77,1.85,3.27,0,0,0
4414860,2014,Chepachet,Rhode Island,1656.0,0.0,97.4,23.23,,78750.0,233600.0,25.2,97.58,0.0,2.42,0.0,0.0,0.0,0.0,0.0,1.18,0.68,0.7,1.22,0,0,0
4414860,2015,Chepachet,Rhode Island,1656.0,0.0,99.85,23.23,,78750.0,233600.0,25.2,97.58,0.0,2.42,0.0,0.0,0.0,0.0,0.0,5.33,2.22,2.22,5.34,0,0,0
4414860,2016,Chepachet,Rhode Island,1656.0,0.0,101.9,23.23,,78750.0,233600.0,25.2,97.58,0.0,2.42,0.0,0.0,0.0,0.0,0.0,4.71,3.34,3.28,4.62,0,0,0
4415940,2000,Clayville,Rhode Island,,,,,,,,,,,,,,,,,,,,,0,0,0
4415940,2001,Clayville,Rhode Island,,,,,,,,,,,,,,,,,,,,,0,0,0
4415940,2002,Clayville,Rhode Island,,,,,,,,,,,,,,,,,,,,,0,0,0
4415940,2003,Clayville,Rhode Island,,,,,,,,,,,,,,,,,,,,,0,0,0
4415940,2004,Clayville,Rhode Island,,,,,,,,,,,,,,,,,,,,,0,0,0
4415940,2005,Clayville,Rhode Island,,,,,,,,,,,,,,,,,,,,,0,0,0
4415940,2006,Clayville,Rhode Island,,,,,,,,,,,,,,,,,,,,,0,0,0
4415940,2007,Clayville,Rhode Island,,,9.94,,,,,,,,,,,,,,0.17,0.17,1.72,1.72,1,0,0
4415940,2008,Clayville,Rhode Island,,,10.18,,,,,,,,,,,,,,0.08,0.08,0.74,0.74,1,0,0
4415940,2009,Clayville,Rhode Island,,,10.35,,,,,,,,,,,,,,0.4,0.4,3.84,3.84,1,0,0
4415940,2010,Clayville,Rhode Island,300.0,0.0,10.52,11.21,,130804.0,222500.0,,92.33,0.0,1.33,3.0,1.67,0.0,1.67,0.0,0.72,0.72,6.83,6.83,0,0,0
4415940,2011,Clayville,Rhode Island,159.0,0.0,10.77,0.0,,120875.0,225000.0,,88.68,0.0,0.0,0.0,0.0,0.0,11.32,0.0,0.08,0.08,0.7,0.7,0,0,0
4415940,2012,Clayville,Rhode Island,159.0,0.0,11.09,0.0,,120875.0,225000.0,,88.68,0.0,0.0,0.0,0.0,0.0,11.32,0.0,0.32,0.32,2.9,2.9,1,0,0
4415940,2013,Clayville,Rhode Island,159.0,0.0,11.34,0.0,,120875.0,225000.0,,88.68,0.0,0.0,0.0,0.0,0.0,11.32,0.0,0.25,0.25,2.17,2.17,0,0,0
4415940,2014,Clayville,Rhode Island,159.0,0.0,11.58,0.0,,120875.0,225000.0,,88.68,0.0,0.0,0.0,0.0,0.0,11.32,0.0,0.32,0.17,1.47,2.78,0,0,0
4415940,2015,Clayville,Rhode Island,159.0,0.0,11.91,0.0,,120875.0,225000.0,,88.68,0.0,0.0,0.0,0.0,0.0,11.32,0.0,0.4,0.25,2.07,3.34,0,0,0
4415940,2016,Clayville,Rhode Island,159.0,0.0,12.15,0.0,,120875.0,225000.0,,88.68,0.0,0.0,0.0,0.0,0.0,11.32,0.0,0.66,0.51,4.21,5.45,0,0,0
4419180,2000,Cranston,Rhode Island,79269.0,7.28,,33.12,615.0,44108.0,122500.0,24.9,87.18,3.25,4.56,0.27,3.27,0.03,1.24,0.22,,,,,0,0,0
4419180,2001,Cranston,Rhode Island,79269.0,7.28,,33.12,615.0,44108.0,122500.0,24.9,87.18,3.25,4.56,0.27,3.27,0.03,1.24,0.22,,,,,0,0,0
4419180,2002,Cranston,Rhode Island,79269.0,7.28,,33.12,615.0,44108.0,122500.0,24.9,87.18,3.25,4.56,0.27,3.27,0.03,1.24,0.22,,,,,0,0,0
4419180,2003,Cranston,Rhode Island,79269.0,7.28,,33.12,615.0,44108.0,122500.0,24.9,87.18,3.25,4.56,0.27,3.27,0.03,1.24,0.22,,,,,0,0,0
4419180,2004,Cranston,Rhode Island,79269.0,7.28,,33.12,615.0,44108.0,122500.0,24.9,87.18,3.25,4.56,0.27,3.27,0.03,1.24,0.22,,,,,0,0,0
4419180,2005,Cranston,Rhode Island,80403.0,5.11,,31.16,933.0,58877.0,265800.0,29.6,79.89,3.57,10.58,0.59,3.88,0.0,1.2,0.29,,,,,0,0,0
4419180,2006,Cranston,Rhode Island,80403.0,5.11,,31.16,933.0,58877.0,265800.0,29.6,79.89,3.57,10.58,0.59,3.88,0.0,1.2,0.29,,,,,0,0,0
4419180,2007,Cranston,Rhode Island,80403.0,5.11,10165.0,31.16,933.0,58877.0,265800.0,29.6,79.89,3.57,10.58,0.59,3.88,0.0,1.2,0.29,210.0,194.0,1.91,2.07,1,0,0
4419180,2008,Cranston,Rhode Island,80403.0,5.11,10151.0,31.16,933.0,58877.0,265800.0,29.6,79.89,3.57,10.58,0.59,3.88,0.0,1.2,0.29,246.0,229.0,2.26,2.42,1,0,0
4419180,2009,Cranston,Rhode Island,80403.0,5.11,10134.0,31.16,933.0,58877.0,265800.0,29.6,79.89,3.57,10.58,0.59,3.88,0.0,1.2,0.29,259.0,236.0,2.33,2.56,1,0,0
4419180,2010,Cranston,Rhode Island,80387.0,6.65,10120.0,32.63,982.0,58772.0,236200.0,31.6,77.2,4.55,10.83,0.25,5.11,0.04,1.72,0.3,299.0,244.0,2.41,2.95,0,0,0
4419180,2011,Cranston,Rhode Island,80761.0,7.58,10272.0,34.53,984.0,59701.0,213800.0,30.9,73.73,4.83,12.85,0.3,5.32,0.03,2.39,0.56,268.0,227.0,2.21,2.61,0,0,0
4419180,2012,Cranston,Rhode Island,80761.0,7.58,10411.0,34.53,984.0,59701.0,213800.0,30.9,73.73,4.83,12.85,0.3,5.32,0.03,2.39,0.56,245.0,214.0,2.06,2.35,1,0,0
4419180,2013,Cranston,Rhode Island,80761.0,7.58,10574.0,34.53,984.0,59701.0,213800.0,30.9,73.73,4.83,12.85,0.3,5.32,0.03,2.39,0.56,325.0,290.0,2.74,3.07,0,0,0
4419180,2014,Cranston,Rhode Island,80761.0,7.58,10705.0,34.53,984.0,59701.0,213800.0,30.9,73.73,4.83,12.85,0.3,5.32,0.03,2.39,0.56,432.0,267.0,2.49,4.04,0,0,0
4419180,2015,Cranston,Rhode Island,80761.0,7.58,10856.0,34.53,984.0,59701.0,213800.0,30.9,73.73,4.83,12.85,0.3,5.32,0.03,2.39,0.56,420.0,268.0,2.47,3.87,0,0,0
4419180,2016,Cranston,Rhode Island,80761.0,7.58,10996.0,34.53,984.0,59701.0,213800.0,30.9,73.73,4.83,12.85,0.3,5.32,0.03,2.39,0.56,540.0,289.0,2.63,4.91,0,0,0
4420260,2000,Cumberland Hill,Rhode Island,7738.0,2.88,,19.19,606.0,57697.0,141000.0,19.4,96.01,0.39,1.25,0.03,1.28,0.04,0.74,0.27,,,,,0,0,0
4420260,2001,Cumberland Hill,Rhode Island,7738.0,2.88,,19.19,606.0,57697.0,141000.0,19.4,96.01,0.39,1.25,0.03,1.28,0.04,0.74,0.27,,,,,0,0,0
4420260,2002,Cumberland Hill,Rhode Island,7738.0,2.88,,19.19,606.0,57697.0,141000.0,19.4,96.01,0.39,1.25,0.03,1.28,0.04,0.74,0.27,,,,,0,0,0
4420260,2003,Cumberland Hill,Rhode Island,7738.0,2.88,,19.19,606.0,57697.0,141000.0,19.4,96.01,0.39,1.25,0.03,1.28,0.04,0.74,0.27,,,,,0,0,0
4420260,2004,Cumberland Hill,Rhode Island,7738.0,2.88,,19.19,606.0,57697.0,141000.0,19.4,96.01,0.39,1.25,0.03,1.28,0.04,0.74,0.27,,,,,0,0,0
4420260,2005,Cumberland Hill,Rhode Island,7938.0,2.58,,20.34,631.0,71857.0,282100.0,29.2,95.74,0.68,1.63,0.81,0.09,0.0,0.87,0.19,,,,,0,0,0
4420260,2006,Cumberland Hill,Rhode Island,7938.0,2.58,,20.34,631.0,71857.0,282100.0,29.2,95.74,0.68,1.63,0.81,0.09,0.0,0.87,0.19,,,,,0,0,0
4420260,2007,Cumberland Hill,Rhode Island,7938.0,2.58,605.7,20.34,631.0,71857.0,282100.0,29.2,95.74,0.68,1.63,0.81,0.09,0.0,0.87,0.19,8.0,7.0,1.16,1.32,1,0,0
4420260,2008,Cumberland Hill,Rhode Island,7938.0,2.58,609.86,20.34,631.0,71857.0,282100.0,29.2,95.74,0.68,1.63,0.81,0.09,0.0,0.87,0.19,12.54,11.54,1.89,2.06,1,0,0
4420260,2009,Cumberland Hill,Rhode Island,7938.0,2.58,616.02,20.34,631.0,71857.0,282100.0,29.2,95.74,0.68,1.63,0.81,0.09,0.0,0.87,0.19,7.34,7.34,1.19,1.19,1,0,0
4420260,2010,Cumberland Hill,Rhode Island,7934.0,0.67,620.18,19.55,642.0,75829.0,250700.0,28.8,92.0,1.15,2.61,0.05,2.89,0.0,1.13,0.18,6.34,6.34,1.02,1.02,0,0,0
4420260,2011,Cumberland Hill,Rhode Island,8439.0,3.0,627.81,21.51,868.0,77164.0,240600.0,26.4,93.74,0.0,2.13,0.09,1.84,0.0,1.43,0.76,7.95,7.95,1.27,1.27,0,0,0
4420260,2012,Cumberland Hill,Rhode Island,8439.0,3.0,635.45,21.51,868.0,77164.0,240600.0,26.4,93.74,0.0,2.13,0.09,1.84,0.0,1.43,0.76,10.0,9.0,1.42,1.57,1,0,0
4420260,2013,Cumberland Hill,Rhode Island,8439.0,3.0,644.08,21.51,868.0,77164.0,240600.0,26.4,93.74,0.0,2.13,0.09,1.84,0.0,1.43,0.76,12.05,12.05,1.87,1.87,0,0,0
4420260,2014,Cumberland Hill,Rhode Island,8439.0,3.0,649.42,21.51,868.0,77164.0,240600.0,26.4,93.74,0.0,2.13,0.09,1.84,0.0,1.43,0.76,36.35,29.35,4.52,5.6,0,0,0
4420260,2015,Cumberland Hill,Rhode Island,8439.0,3.0,658.06,21.51,868.0,77164.0,240600.0,26.4,93.74,0.0,2.13,0.09,1.84,0.0,1.43,0.76,18.29,11.29,1.72,2.78,0,0,0
4420260,2016,Cumberland Hill,Rhode Island,8439.0,3.0,664.69,21.51,868.0,77164.0,240600.0,26.4,93.74,0.0,2.13,0.09,1.84,0.0,1.43,0.76,18.93,8.68,1.31,2.85,0,0,0
4422960,2000,East Providence,Rhode Island,48688.0,8.62,,41.08,548.0,39108.0,117900.0,25.5,85.5,4.91,1.89,0.44,1.14,0.05,3.77,2.3,,,,,0,0,0
4422960,2001,East Providence,Rhode Island,48688.0,8.62,,41.08,548.0,39108.0,117900.0,25.5,85.5,4.91,1.89,0.44,1.14,0.05,3.77,2.3,,,,,0,0,0
4422960,2002,East Providence,Rhode Island,48688.0,8.62,,41.08,548.0,39108.0,117900.0,25.5,85.5,4.91,1.89,0.44,1.14,0.05,3.77,2.3,,,,,0,0,0
4422960,2003,East Providence,Rhode Island,48688.0,8.62,,41.08,548.0,39108.0,117900.0,25.5,85.5,4.91,1.89,0.44,1.14,0.05,3.77,2.3,,,,,0,0,0
4422960,2004,East Providence,Rhode Island,48688.0,8.62,,41.08,548.0,39108.0,117900.0,25.5,85.5,4.91,1.89,0.44,1.14,0.05,3.77,2.3,,,,,0,0,0
4422960,2005,East Providence,Rhode Island,48801.0,6.19,,39.78,782.0,50397.0,246600.0,27.7,84.41,5.06,4.16,0.47,0.96,0.0,3.45,1.49,,,,,0,0,0
4422960,2006,East Providence,Rhode Island,48801.0,6.19,,39.78,782.0,50397.0,246600.0,27.7,84.41,5.06,4.16,0.47,0.96,0.0,3.45,1.49,,,,,0,0,0
4422960,2007,East Providence,Rhode Island,48801.0,6.19,8339.0,39.78,782.0,50397.0,246600.0,27.7,84.41,5.06,4.16,0.47,0.96,0.0,3.45,1.49,163.0,139.0,1.67,1.95,1,0,0
4422960,2008,East Providence,Rhode Island,48801.0,6.19,8321.0,39.78,782.0,50397.0,246600.0,27.7,84.41,5.06,4.16,0.47,0.96,0.0,3.45,1.49,184.0,161.0,1.93,2.21,1,0,0
4422960,2009,East Providence,Rhode Island,48801.0,6.19,8307.0,39.78,782.0,50397.0,246600.0,27.7,84.41,5.06,4.16,0.47,0.96,0.0,3.45,1.49,173.0,154.0,1.85,2.08,1,0,0
4422960,2010,East Providence,Rhode Island,47037.0,7.12,8292.0,41.05,838.0,49545.0,232000.0,27.9,82.2,5.44,4.07,0.47,1.51,0.01,3.68,2.63,182.0,168.0,2.03,2.19,0,0,0
4422960,2011,East Providence,Rhode Island,47266.0,9.83,8520.0,42.59,897.0,51051.0,212000.0,28.5,78.94,5.99,5.73,0.09,2.72,0.0,5.06,1.47,217.0,205.0,2.41,2.55,0,0,0
4422960,2012,East Providence,Rhode Island,47266.0,9.83,8743.0,42.59,897.0,51051.0,212000.0,28.5,78.94,5.99,5.73,0.09,2.72,0.0,5.06,1.47,175.0,164.0,1.88,2.0,1,0,0
4422960,2013,East Providence,Rhode Island,47266.0,9.83,8979.0,42.59,897.0,51051.0,212000.0,28.5,78.94,5.99,5.73,0.09,2.72,0.0,5.06,1.47,276.0,268.0,2.98,3.07,0,0,0
4422960,2014,East Providence,Rhode Island,47266.0,9.83,9191.0,42.59,897.0,51051.0,212000.0,28.5,78.94,5.99,5.73,0.09,2.72,0.0,5.06,1.47,390.0,267.0,2.91,4.24,0,0,0
4422960,2015,East Providence,Rhode Island,47266.0,9.83,9423.0,42.59,897.0,51051.0,212000.0,28.5,78.94,5.99,5.73,0.09,2.72,0.0,5.06,1.47,291.0,200.0,2.12,3.09,0,0,0
4422960,2016,East Providence,Rhode Island,47266.0,9.83,9642.0,42.59,897.0,51051.0,212000.0,28.5,78.94,5.99,5.73,0.09,2.72,0.0,5.06,1.47,275.0,172.0,1.78,2.85,0,0,0
4427640,2000,Foster Center,Rhode Island,,,,,,,,,,,,,,,,,,,,,0,0,0
4427640,2001,Foster Center,Rhode Island,,,,,,,,,,,,,,,,,,,,,0,0,0
4427640,2002,Foster Center,Rhode Island,,,,,,,,,,,,,,,,,,,,,0,0,0
4427640,2003,Foster Center,Rhode Island,,,,,,,,,,,,,,,,,,,,,0,0,0
4427640,2004,Foster Center,Rhode Island,,,,,,,,,,,,,,,,,,,,,0,0,0
4427640,2005,Foster Center,Rhode Island,,,,,,,,,,,,,,,,,,,,,0,0,0
4427640,2006,Foster Center,Rhode Island,,,,,,,,,,,,,,,,,,,,,0,0,0
4427640,2007,Foster Center,Rhode Island,,,16.8,,,,,,,,,,,,,,0.61,0.61,3.63,3.63,1,0,0
4427640,2008,Foster Center,Rhode Island,,,16.94,,,,,,,,,,,,,,0.19,0.19,1.14,1.14,1,0,0
4427640,2009,Foster Center,Rhode Island,,,16.97,,,,,,,,,,,,,,0.22,0.22,1.31,1.31,1,0,0
4427640,2010,Foster Center,Rhode Island,355.0,0.0,17.11,28.57,525.0,27900.0,246000.0,29.4,96.62,0.28,0.56,0.0,2.54,0.0,0.0,0.0,0.4,0.4,2.33,2.33,0,0,0
4427640,2011,Foster Center,Rhode Island,325.0,0.0,17.52,42.07,406.0,,250000.0,30.6,96.62,0.0,0.0,0.0,0.0,0.0,3.38,0.0,0.02,0.02,0.13,0.13,0,0,0
4427640,2012,Foster Center,Rhode Island,325.0,0.0,17.81,42.07,406.0,,250000.0,30.6,96.62,0.0,0.0,0.0,0.0,0.0,3.38,0.0,0.36,0.36,1.99,1.99,1,0,0
4427640,2013,Foster Center,Rhode Island,325.0,0.0,18.23,42.07,406.0,,250000.0,30.6,96.62,0.0,0.0,0.0,0.0,0.0,3.38,0.0,0.57,0.46,2.54,3.14,0,0,0
4427640,2014,Foster Center,Rhode Island,325.0,0.0,18.51,42.07,406.0,,250000.0,30.6,96.62,0.0,0.0,0.0,0.0,0.0,3.38,0.0,1.08,0.76,4.08,5.84,0,0,0
4427640,2015,Foster Center,Rhode Island,325.0,0.0,18.93,42.07,406.0,,250000.0,30.6,96.62,0.0,0.0,0.0,0.0,0.0,3.38,0.0,0.66,0.44,2.32,3.47,0,0,0
4427640,2016,Foster Center,Rhode Island,325.0,0.0,19.21,42.07,406.0,,250000.0,30.6,96.62,0.0,0.0,0.0,0.0,0.0,3.38,0.0,0.73,0.56,2.92,3.8,0,0,0
4431240,2000,Greene,Rhode Island,,,,,,,,,,,,,,,,,,,,,0,0,0
4431240,2001,Greene,Rhode Island,,,,,,,,,,,,,,,,,,,,,0,0,0
4431240,2002,Greene,Rhode Island,,,,,,,,,,,,,,,,,,,,,0,0,0
4431240,2003,Greene,Rhode Island,,,,,,,,,,,,,,,,,,,,,0,0,0
4431240,2004,Greene,Rhode Island,,,,,,,,,,,,,,,,,,,,,0,0,0
4431240,2005,Greene,Rhode Island,,,,,,,,,,,,,,,,,,,,,0,0,0
4431240,2006,Greene,Rhode Island,,,,,,,,,,,,,,,,,,,,,0,0,0
4431240,2007,Greene,Rhode Island,,,,,,,,,,,,,,,,,,,,,0,0,0
4431240,2008,Greene,Rhode Island,,,,,,,,,,,,,,,,,,,,,0,0,0
4431240,2009,Greene,Rhode Island,,,,,,,,,,,,,,,,,,,,,0,0,0
4431240,2010,Greene,Rhode Island,888.0,8.74,,5.43,1678.0,103523.0,287300.0,13.2,96.51,0.79,1.01,0.11,0.56,0.0,0.56,0.45,,,,,0,0,0
4431240,2011,Greene,Rhode Island,863.0,4.82,,10.13,,97500.0,269400.0,,99.65,0.0,0.0,0.0,0.35,0.0,0.0,0.0,,,,,0,0,0
4431240,2012,Greene,Rhode Island,863.0,4.82,,10.13,,97500.0,269400.0,,99.65,0.0,0.0,0.0,0.35,0.0,0.0,0.0,,,,,0,0,0
4431240,2013,Greene,Rhode Island,863.0,4.82,,10.13,,97500.0,269400.0,,99.65,0.0,0.0,0.0,0.35,0.0,0.0,0.0,,,,,0,0,0
4431240,2014,Greene,Rhode Island,863.0,4.82,,10.13,,97500.0,269400.0,,99.65,0.0,0.0,0.0,0.35,0.0,0.0,0.0,,,,,0,0,0
4431240,2015,Greene,Rhode Island,863.0,4.82,30.51,10.13,,97500.0,269400.0,,99.65,0.0,0.0,0.0,0.35,0.0,0.0,0.0,0.95,0.95,3.13,3.13,0,0,0
4431240,2016,Greene,Rhode Island,863.0,4.82,30.98,10.13,,97500.0,269400.0,,99.65,0.0,0.0,0.0,0.35,0.0,0.0,0.0,1.91,1.43,4.62,6.15,0,0,0
4431600,2000,Greenville,Rhode Island,8626.0,3.19,,18.53,1179.0,56036.0,144400.0,40.6,98.08,0.28,0.58,0.09,0.51,0.01,0.42,0.03,,,,,0,0,0
4431600,2001,Greenville,Rhode Island,8626.0,3.19,,18.53,1179.0,56036.0,144400.0,40.6,98.08,0.28,0.58,0.09,0.51,0.01,0.42,0.03,,,,,0,0,0
4431600,2002,Greenville,Rhode Island,8626.0,3.19,,18.53,1179.0,56036.0,144400.0,40.6,98.08,0.28,0.58,0.09,0.51,0.01,0.42,0.03,,,,,0,0,0
4431600,2003,Greenville,Rhode Island,8626.0,3.19,,18.53,1179.0,56036.0,144400.0,40.6,98.08,0.28,0.58,0.09,0.51,0.01,0.42,0.03,,,,,0,0,0
4431600,2004,Greenville,Rhode Island,8626.0,3.19,,18.53,1179.0,56036.0,144400.0,40.6,98.08,0.28,0.58,0.09,0.51,0.01,0.42,0.03,,,,,0,0,0
4431600,2005,Greenville,Rhode Island,8862.0,1.52,,16.41,879.0,73614.0,312300.0,49.2,96.57,1.79,0.73,0.0,0.3,0.0,0.6,0.0,,,,,0,0,0
4431600,2006,Greenville,Rhode Island,8862.0,1.52,,16.41,879.0,73614.0,312300.0,49.2,96.57,1.79,0.73,0.0,0.3,0.0,0.6,0.0,,,,,0,0,0
4431600,2007,Greenville,Rhode Island,8862.0,1.52,698.0,16.41,879.0,73614.0,312300.0,49.2,96.57,1.79,0.73,0.0,0.3,0.0,0.6,0.0,4.0,4.0,0.57,0.57,1,0,0
4431600,2008,Greenville,Rhode Island,8862.0,1.52,709.0,16.41,879.0,73614.0,312300.0,49.2,96.57,1.79,0.73,0.0,0.3,0.0,0.6,0.0,3.0,3.0,0.42,0.42,1,0,0
4431600,2009,Greenville,Rhode Island,8862.0,1.52,722.0,16.41,879.0,73614.0,312300.0,49.2,96.57,1.79,0.73,0.0,0.3,0.0,0.6,0.0,4.0,4.0,0.55,0.55,1,0,0
4431600,2010,Greenville,Rhode Island,8658.0,3.13,733.0,21.26,1117.0,79474.0,281000.0,34.8,96.03,0.79,1.44,0.08,0.85,0.01,0.62,0.17,6.0,6.0,0.82,0.82,0,0,0
4431600,2011,Greenville,Rhode Island,8419.0,2.76,751.0,18.51,1130.0,72929.0,258300.0,29.3,94.51,1.31,2.1,0.0,1.06,0.0,0.91,0.11,9.0,9.0,1.2,1.2,0,0,0
4431600,2012,Greenville,Rhode Island,8419.0,2.76,769.0,18.51,1130.0,72929.0,258300.0,29.3,94.51,1.31,2.1,0.0,1.06,0.0,0.91,0.11,11.0,10.0,1.3,1.43,1,0,0
4431600,2013,Greenville,Rhode Island,8419.0,2.76,787.0,18.51,1130.0,72929.0,258300.0,29.3,94.51,1.31,2.1,0.0,1.06,0.0,0.91,0.11,34.0,32.0,4.07,4.32,0,0,0
4431600,2014,Greenville,Rhode Island,8419.0,2.76,801.0,18.51,1130.0,72929.0,258300.0,29.3,94.51,1.31,2.1,0.0,1.06,0.0,0.91,0.11,26.0,20.0,2.5,3.25,0,0,0
4431600,2015,Greenville,Rhode Island,8419.0,2.76,819.0,18.51,1130.0,72929.0,258300.0,29.3,94.51,1.31,2.1,0.0,1.06,0.0,0.91,0.11,9.0,7.0,0.85,1.1,0,0,0
4431600,2016,Greenville,Rhode Island,8419.0,2.76,837.0,18.51,1130.0,72929.0,258300.0,29.3,94.51,1.31,2.1,0.0,1.06,0.0,0.91,0.11,14.0,11.0,1.31,1.67,0,0,0
4433040,2000,Harmony,Rhode Island,,,,,,,,,,,,,,,,,,,,,0,0,0
4433040,2001,Harmony,Rhode Island,,,,,,,,,,,,,,,,,,,,,0,0,0
4433040,2002,Harmony,Rhode Island,,,,,,,,,,,,,,,,,,,,,0,0,0
4433040,2003,Harmony,Rhode Island,,,,,,,,,,,,,,,,,,,,,0,0,0
4433040,2004,Harmony,Rhode Island,,,,,,,,,,,,,,,,,,,,,0,0,0
4433040,2005,Harmony,Rhode Island,,,,,,,,,,,,,,,,,,,,,0,0,0
4433040,2006,Harmony,Rhode Island,,,,,,,,,,,,,,,,,,,,,0,0,0
4433040,2007,Harmony,Rhode Island,,,56.18,,,,,,,,,,,,,,0.53,0.53,0.95,0.95,1,0,0
4433040,2008,Harmony,Rhode Island,,,55.79,,,,,,,,,,,,,,1.16,1.16,2.08,2.08,1,0,0
4433040,2009,Harmony,Rhode Island,,,56.03,,,,,,,,,,,,,,1.29,1.16,2.06,2.3,1,0,0
4433040,2010,Harmony,Rhode Island,985.0,0.0,55.77,13.05,,64926.0,264700.0,,95.33,0.91,2.03,0.1,0.81,0.0,0.71,0.1,1.16,1.16,2.08,2.08,0,0,0
4433040,2011,Harmony,Rhode Island,876.0,0.0,57.05,0.0,,82857.0,212700.0,,95.55,0.0,4.45,0.0,0.0,0.0,0.0,0.0,1.02,1.02,1.79,1.8,0,0,0
4433040,2012,Harmony,Rhode Island,876.0,0.0,58.84,0.0,,82857.0,212700.0,,95.55,0.0,4.45,0.0,0.0,0.0,0.0,0.0,1.28,0.77,1.31,2.18,1,0,0
4433040,2013,Harmony,Rhode Island,876.0,0.0,60.25,0.0,,82857.0,212700.0,,95.55,0.0,4.45,0.0,0.0,0.0,0.0,0.0,1.67,1.14,1.9,2.77,0,0,0
4433040,2014,Harmony,Rhode Island,876.0,0.0,61.53,0.0,,82857.0,212700.0,,95.55,0.0,4.45,0.0,0.0,0.0,0.0,0.0,2.29,1.65,2.68,3.72,0,0,0
4433040,2015,Harmony,Rhode Island,876.0,0.0,63.32,0.0,,82857.0,212700.0,,95.55,0.0,4.45,0.0,0.0,0.0,0.0,0.0,1.81,0.65,1.03,2.86,0,0,0
4433040,2016,Harmony,Rhode Island,876.0,0.0,64.6,0.0,,82857.0,212700.0,,95.55,0.0,4.45,0.0,0.0,0.0,0.0,0.0,2.83,2.18,3.37,4.37,0,0,0
4433400,2000,Harrisville,Rhode Island,1561.0,13.94,,40.46,522.0,40430.0,122500.0,22.7,98.53,0.13,0.19,0.13,0.06,0.0,0.45,0.51,,,,,0,0,0
4433400,2001,Harrisville,Rhode Island,1561.0,13.94,,40.46,522.0,40430.0,122500.0,22.7,98.53,0.13,0.19,0.13,0.06,0.0,0.45,0.51,,,,,0,0,0
4433400,2002,Harrisville,Rhode Island,1561.0,13.94,,40.46,522.0,40430.0,122500.0,22.7,98.53,0.13,0.19,0.13,0.06,0.0,0.45,0.51,,,,,0,0,0
4433400,2003,Harrisville,Rhode Island,1561.0,13.94,,40.46,522.0,40430.0,122500.0,22.7,98.53,0.13,0.19,0.13,0.06,0.0,0.45,0.51,,,,,0,0,0
4433400,2004,Harrisville,Rhode Island,1561.0,13.94,,40.46,522.0,40430.0,122500.0,22.7,98.53,0.13,0.19,0.13,0.06,0.0,0.45,0.51,,,,,0,0,0
4433400,2005,Harrisville,Rhode Island,1867.0,6.15,,40.5,577.0,67544.0,225500.0,22.6,91.48,0.0,7.12,0.37,0.0,0.0,1.02,0.0,,,,,0,0,0
4433400,2006,Harrisville,Rhode Island,1867.0,6.15,,40.5,577.0,67544.0,225500.0,22.6,91.48,0.0,7.12,0.37,0.0,0.0,1.02,0.0,,,,,0,0,0
4433400,2007,Harrisville,Rhode Island,1867.0,6.15,292.46,40.5,577.0,67544.0,225500.0,22.6,91.48,0.0,7.12,0.37,0.0,0.0,1.02,0.0,4.0,4.0,1.37,1.37,1,0,0
4433400,2008,Harrisville,Rhode Island,1867.0,6.15,296.46,40.5,577.0,67544.0,225500.0,22.6,91.48,0.0,7.12,0.37,0.0,0.0,1.02,0.0,2.0,2.0,0.67,0.67,1,0,0
4433400,2009,Harrisville,Rhode Island,1867.0,6.15,300.46,40.5,577.0,67544.0,225500.0,22.6,91.48,0.0,7.12,0.37,0.0,0.0,1.02,0.0,2.0,2.0,0.67,0.67,1,0,0
4433400,2010,Harrisville,Rhode Island,1605.0,6.79,304.46,43.69,912.0,59709.0,237600.0,29.1,96.32,0.19,1.74,0.06,0.19,0.0,1.31,0.19,7.0,6.0,1.97,2.3,0,0,0
4433400,2011,Harrisville,Rhode Island,1833.0,10.93,306.6,56.51,716.0,32260.0,203200.0,32.3,98.96,0.0,0.0,0.0,0.0,0.0,1.04,0.0,4.0,4.0,1.3,1.3,0,0,0
4433400,2012,Harrisville,Rhode Island,1833.0,10.93,309.74,56.51,716.0,32260.0,203200.0,32.3,98.96,0.0,0.0,0.0,0.0,0.0,1.04,0.0,8.0,7.0,2.26,2.58,1,0,0
4433400,2013,Harrisville,Rhode Island,1833.0,10.93,311.88,56.51,716.0,32260.0,203200.0,32.3,98.96,0.0,0.0,0.0,0.0,0.0,1.04,0.0,7.0,6.0,1.92,2.24,0,0,0
4433400,2014,Harrisville,Rhode Island,1833.0,10.93,313.96,56.51,716.0,32260.0,203200.0,32.3,98.96,0.0,0.0,0.0,0.0,0.0,1.04,0.0,14.28,7.21,2.3,4.55,0,0,0
4433400,2015,Harrisville,Rhode Island,1833.0,10.93,317.1,56.51,716.0,32260.0,203200.0,32.3,98.96,0.0,0.0,0.0,0.0,0.0,1.04,0.0,16.0,9.0,2.84,5.05,0,0,0
4433400,2016,Harrisville,Rhode Island,1833.0,10.93,319.24,56.51,716.0,32260.0,203200.0,32.3,98.96,0.0,0.0,0.0,0.0,0.0,1.04,0.0,6.07,5.07,1.59,1.9,0,0,0
4434660,2000,Hope Valley,Rhode Island,1649.0,3.83,,25.87,624.0,43264.0,134700.0,24.8,96.6,0.67,0.67,0.91,0.18,0.0,0.97,0.0,,,,,0,0,0
4434660,2001,Hope Valley,Rhode Island,1649.0,3.83,142.83,25.87,624.0,43264.0,134700.0,24.8,96.6,0.67,0.67,0.91,0.18,0.0,0.97,0.0,0.85,0.85,0.6,0.6,1,0,0
4434660,2002,Hope Valley,Rhode Island,1649.0,3.83,,25.87,624.0,43264.0,134700.0,24.8,96.6,0.67,0.67,0.91,0.18,0.0,0.97,0.0,,,,,0,0,0
4434660,2003,Hope Valley,Rhode Island,1649.0,3.83,,25.87,624.0,43264.0,134700.0,24.8,96.6,0.67,0.67,0.91,0.18,0.0,0.97,0.0,,,,,0,0,0
4434660,2004,Hope Valley,Rhode Island,1649.0,3.83,,25.87,624.0,43264.0,134700.0,24.8,96.6,0.67,0.67,0.91,0.18,0.0,0.97,0.0,,,,,0,0,0
4434660,2005,Hope Valley,Rhode Island,1422.0,2.2,,26.12,789.0,72500.0,284700.0,22.4,98.45,0.0,0.0,0.0,0.0,0.0,1.55,0.0,,,,,0,0,0
4434660,2006,Hope Valley,Rhode Island,1422.0,2.2,,26.12,789.0,72500.0,284700.0,22.4,98.45,0.0,0.0,0.0,0.0,0.0,1.55,0.0,,,,,0,0,0
4434660,2007,Hope Valley,Rhode Island,1422.0,2.2,136.88,26.12,789.0,72500.0,284700.0,22.4,98.45,0.0,0.0,0.0,0.0,0.0,1.55,0.0,2.55,2.55,1.86,1.86,1,0,0
4434660,2008,Hope Valley,Rhode Island,1422.0,2.2,135.18,26.12,789.0,72500.0,284700.0,22.4,98.45,0.0,0.0,0.0,0.0,0.0,1.55,0.0,2.55,2.55,1.89,1.89,1,0,0
4434660,2009,Hope Valley,Rhode Island,1422.0,2.2,134.33,26.12,789.0,72500.0,284700.0,22.4,98.45,0.0,0.0,0.0,0.0,0.0,1.55,0.0,4.25,4.25,3.16,3.16,1,0,0
4434660,2010,Hope Valley,Rhode Island,1612.0,2.44,133.48,23.5,721.0,64429.0,300600.0,24.8,96.15,0.19,1.18,0.56,0.12,0.0,1.8,0.0,3.4,3.4,2.55,2.55,1,0,0
4434660,2011,Hope Valley,Rhode Island,1733.0,2.94,136.03,30.15,1447.0,69408.0,294400.0,31.5,98.67,0.0,0.0,0.0,0.0,0.0,0.75,0.58,1.7,1.7,1.25,1.25,1,0,0
4434660,2012,Hope Valley,Rhode Island,1733.0,2.94,,30.15,1447.0,69408.0,294400.0,31.5,98.67,0.0,0.0,0.0,0.0,0.0,0.75,0.58,,,,,0,0,0
4434660,2013,Hope Valley,Rhode Island,1733.0,2.94,,30.15,1447.0,69408.0,294400.0,31.5,98.67,0.0,0.0,0.0,0.0,0.0,0.75,0.58,,,,,0,0,0
4434660,2014,Hope Valley,Rhode Island,1733.0,2.94,,30.15,1447.0,69408.0,294400.0,31.5,98.67,0.0,0.0,0.0,0.0,0.0,0.75,0.58,,,,,0,0,0
4434660,2015,Hope Valley,Rhode Island,1733.0,2.94,144.53,30.15,1447.0,69408.0,294400.0,31.5,98.67,0.0,0.0,0.0,0.0,0.0,0.75,0.58,3.4,2.55,1.76,2.35,0,0,0
4434660,2016,Hope Valley,Rhode Island,1733.0,2.94,146.23,30.15,1447.0,69408.0,294400.0,31.5,98.67,0.0,0.0,0.0,0.0,0.0,0.75,0.58,7.65,5.1,3.49,5.23,1,0,0
4435200,2011,Hopkinton,Rhode Island,396.0,12.84,,28.57,467.0,42337.0,280900.0,,100.0,0.0,0.0,0.0,0.0,0.0,0.0,0.0,,,,,0,0,0
4435200,2012,Hopkinton,Rhode Island,396.0,12.84,,28.57,467.0,42337.0,280900.0,,100.0,0.0,0.0,0.0,0.0,0.0,0.0,0.0,,,,,0,0,0
4435200,2013,Hopkinton,Rhode Island,396.0,12.84,,28.57,467.0,42337.0,280900.0,,100.0,0.0,0.0,0.0,0.0,0.0,0.0,0.0,,,,,0,0,0
4435200,2014,Hopkinton,Rhode Island,396.0,12.84,,28.57,467.0,42337.0,280900.0,,100.0,0.0,0.0,0.0,0.0,0.0,0.0,0.0,,,,,0,0,0
4435200,2015,Hopkinton,Rhode Island,396.0,12.84,,28.57,467.0,42337.0,280900.0,,100.0,0.0,0.0,0.0,0.0,0.0,0.0,0.0,,,,,0,0,0
4435200,2016,Hopkinton,Rhode Island,396.0,12.84,,28.57,467.0,42337.0,280900.0,,100.0,0.0,0.0,0.0,0.0,0.0,0.0,0.0,,,,,0,0,0
4438980,2000,Kingston,Rhode Island,5446.0,8.77,,35.02,591.0,56159.0,173400.0,41.1,84.21,3.08,4.59,1.41,4.57,0.24,1.58,0.31,,,,,0,0,0
4438980,2001,Kingston,Rhode Island,5446.0,8.77,221.83,35.02,591.0,56159.0,173400.0,41.1,84.21,3.08,4.59,1.41,4.57,0.24,1.58,0.31,0.87,0.87,0.39,0.39,1,0,0
4438980,2002,Kingston,Rhode Island,5446.0,8.77,,35.02,591.0,56159.0,173400.0,41.1,84.21,3.08,4.59,1.41,4.57,0.24,1.58,0.31,,,,,0,0,0
4438980,2003,Kingston,Rhode Island,5446.0,8.77,,35.02,591.0,56159.0,173400.0,41.1,84.21,3.08,4.59,1.41,4.57,0.24,1.58,0.31,,,,,0,0,0
4438980,2004,Kingston,Rhode Island,5446.0,8.77,,35.02,591.0,56159.0,173400.0,41.1,84.21,3.08,4.59,1.41,4.57,0.24,1.58,0.31,,,,,0,0,0
4438980,2005,Kingston,Rhode Island,5192.0,0.0,,30.63,1010.0,58889.0,359400.0,43.8,86.15,2.7,6.05,0.42,1.31,0.0,3.37,0.0,,,,,0,0,0
4438980,2006,Kingston,Rhode Island,5192.0,0.0,,30.63,1010.0,58889.0,359400.0,43.8,86.15,2.7,6.05,0.42,1.31,0.0,3.37,0.0,,,,,0,0,0
4438980,2007,Kingston,Rhode Island,5192.0,0.0,225.15,30.63,1010.0,58889.0,359400.0,43.8,86.15,2.7,6.05,0.42,1.31,0.0,3.37,0.0,1.38,1.38,0.61,0.61,1,0,0
4438980,2008,Kingston,Rhode Island,5192.0,0.0,226.58,30.63,1010.0,58889.0,359400.0,43.8,86.15,2.7,6.05,0.42,1.31,0.0,3.37,0.0,2.35,2.35,1.04,1.04,1,0,0
4438980,2009,Kingston,Rhode Island,5192.0,0.0,226.68,30.63,1010.0,58889.0,359400.0,43.8,86.15,2.7,6.05,0.42,1.31,0.0,3.37,0.0,0.1,0.1,0.05,0.05,1,0,0
4438980,2010,Kingston,Rhode Island,6974.0,0.0,227.24,32.01,1079.0,69722.0,352400.0,50.0,82.21,5.16,6.15,0.29,3.94,0.03,1.94,0.29,2.76,2.76,1.21,1.21,1,0,0
4438980,2011,Kingston,Rhode Island,6969.0,8.96,229.13,21.2,948.0,71786.0,326600.0,50.0,81.07,5.04,7.58,0.0,2.96,0.0,3.27,0.09,0.0,0.0,0.0,0.0,1,0,0
4438980,2012,Kingston,Rhode Island,6969.0,8.96,,21.2,948.0,71786.0,326600.0,50.0,81.07,5.04,7.58,0.0,2.96,0.0,3.27,0.09,,,,,0,0,0
4438980,2013,Kingston,Rhode Island,6969.0,8.96,,21.2,948.0,71786.0,326600.0,50.0,81.07,5.04,7.58,0.0,2.96,0.0,3.27,0.09,,,,,0,0,0
4438980,2014,Kingston,Rhode Island,6969.0,8.96,,21.2,948.0,71786.0,326600.0,50.0,81.07,5.04,7.58,0.0,2.96,0.0,3.27,0.09,,,,,0,0,0
4438980,2015,Kingston,Rhode Island,6969.0,8.96,234.03,21.2,948.0,71786.0,326600.0,50.0,81.07,5.04,7.58,0.0,2.96,0.0,3.27,0.09,1.07,0.51,0.22,0.46,0,0,0
4438980,2016,Kingston,Rhode Island,6969.0,8.96,235.05,21.2,948.0,71786.0,326600.0,50.0,81.07,5.04,7.58,0.0,2.96,0.0,3.27,0.09,3.92,2.04,0.87,1.67,1,0,0
4445010,2000,Melville,Rhode Island,2325.0,7.34,,93.59,829.0,37314.0,121900.0,28.0,74.75,8.73,8.39,0.3,4.47,0.13,2.88,0.34,,,,,0,0,0
4445010,2001,Melville,Rhode Island,2325.0,7.34,,93.59,829.0,37314.0,121900.0,28.0,74.75,8.73,8.39,0.3,4.47,0.13,2.88,0.34,,,,,0,0,0
4445010,2002,Melville,Rhode Island,2325.0,7.34,,93.59,829.0,37314.0,121900.0,28.0,74.75,8.73,8.39,0.3,4.47,0.13,2.88,0.34,,,,,0,0,0
4445010,2003,Melville,Rhode Island,2325.0,7.34,,93.59,829.0,37314.0,121900.0,28.0,74.75,8.73,8.39,0.3,4.47,0.13,2.88,0.34,,,,,0,0,0
4445010,2004,Melville,Rhode Island,2325.0,7.34,,93.59,829.0,37314.0,121900.0,28.0,74.75,8.73,8.39,0.3,4.47,0.13,2.88,0.34,,,,,0,0,0
4445010,2005,Melville,Rhode Island,2188.0,11.37,,95.69,1509.0,65700.0,91100.0,30.9,61.15,19.52,11.75,0.5,3.15,0.18,2.79,0.96,,,,,0,0,0
4445010,2006,Melville,Rhode Island,2188.0,11.37,,95.69,1509.0,65700.0,91100.0,30.9,61.15,19.52,11.75,0.5,3.15,0.18,2.79,0.96,,,,,0,0,0
4445010,2007,Melville,Rhode Island,2188.0,11.37,497.81,95.69,1509.0,65700.0,91100.0,30.9,61.15,19.52,11.75,0.5,3.15,0.18,2.79,0.96,2.34,1.95,0.39,0.47,1,0,0
4445010,2008,Melville,Rhode Island,2188.0,11.37,470.3,95.69,1509.0,65700.0,91100.0,30.9,61.15,19.52,11.75,0.5,3.15,0.18,2.79,0.96,3.73,2.73,0.58,0.79,1,0,0
4445010,2009,Melville,Rhode Island,2188.0,11.37,441.4,95.69,1509.0,65700.0,91100.0,30.9,61.15,19.52,11.75,0.5,3.15,0.18,2.79,0.96,4.68,3.12,0.71,1.06,1,0,0
4445010,2010,Melville,Rhode Island,1320.0,12.38,412.88,94.56,1915.0,46518.0,,45.4,66.67,8.18,11.82,0.15,6.06,0.08,6.89,0.15,5.07,4.29,1.04,1.23,1,0,0
4445010,2011,Melville,Rhode Island,1327.0,21.87,414.45,100.0,1867.0,52024.0,,36.0,52.07,21.02,9.87,0.0,5.43,0.0,11.61,0.0,3.51,1.95,0.47,0.85,1,0,0
4445010,2012,Melville,Rhode Island,1327.0,21.87,416.62,100.0,1867.0,52024.0,,36.0,52.07,21.02,9.87,0.0,5.43,0.0,11.61,0.0,5.07,3.51,0.84,1.22,1,0,0
4445010,2013,Melville,Rhode Island,1327.0,21.87,419.18,100.0,1867.0,52024.0,,36.0,52.07,21.02,9.87,0.0,5.43,0.0,11.61,0.0,9.29,6.51,1.55,2.22,1,0,0
4445010,2014,Melville,Rhode Island,1327.0,21.87,420.74,100.0,1867.0,52024.0,,36.0,52.07,21.02,9.87,0.0,5.43,0.0,11.61,0.0,4.12,1.95,0.46,0.98,1,0,0
4445010,2015,Melville,Rhode Island,1327.0,21.87,422.91,100.0,1867.0,52024.0,,36.0,52.07,21.02,9.87,0.0,5.43,0.0,11.61,0.0,10.19,3.34,0.79,2.41,0,0,0
4445010,2016,Melville,Rhode Island,1327.0,21.87,424.47,100.0,1867.0,52024.0,,36.0,52.07,21.02,9.87,0.0,5.43,0.0,11.61,0.0,14.09,2.95,0.7,3.32,1,0,0
4446000,2000,Misquamicut,Rhode Island,,,,,,,,,,,,,,,,,,,,,0,0,0
4446000,2001,Misquamicut,Rhode Island,,,81.81,,,,,,,,,,,,,,0.76,0.76,0.93,0.93,1,0,0
4446000,2002,Misquamicut,Rhode Island,,,,,,,,,,,,,,,,,,,,,0,0,0
4446000,2003,Misquamicut,Rhode Island,,,,,,,,,,,,,,,,,,,,,0,0,0
4446000,2004,Misquamicut,Rhode Island,,,,,,,,,,,,,,,,,,,,,0,0,0
4446000,2005,Misquamicut,Rhode Island,,,,,,,,,,,,,,,,,,,,,0,0,0
4446000,2006,Misquamicut,Rhode Island,,,,,,,,,,,,,,,,,,,,,0,0,0
4446000,2007,Misquamicut,Rhode Island,,,66.97,,,,,,,,,,,,,,1.92,1.92,2.86,2.86,1,0,0
4446000,2008,Misquamicut,Rhode Island,,,64.45,,,,,,,,,,,,,,0.16,0.16,0.24,0.24,1,0,0
4446000,2009,Misquamicut,Rhode Island,,,61.48,,,,,,,,,,,,,,1.16,1.16,1.88,1.88,1,0,0
4446000,2010,Misquamicut,Rhode Island,390.0,0.0,58.97,30.94,1037.0,78625.0,617900.0,20.8,97.69,0.0,0.77,0.26,0.51,0.0,0.51,0.26,0.6,0.6,1.02,1.02,1,0,0
4446000,2011,Misquamicut,Rhode Island,349.0,0.0,58.97,23.67,1050.0,70750.0,552100.0,24.7,94.84,1.43,0.0,0.0,0.0,0.0,3.72,0.0,1.6,1.6,2.72,2.72,1,0,0
4446000,2012,Misquamicut,Rhode Island,349.0,0.0,,23.67,1050.0,70750.0,552100.0,24.7,94.84,1.43,0.0,0.0,0.0,0.0,3.72,0.0,,,,,0,0,0
4446000,2013,Misquamicut,Rhode Island,349.0,0.0,,23.67,1050.0,70750.0,552100.0,24.7,94.84,1.43,0.0,0.0,0.0,0.0,3.72,0.0,,,,,0,0,0
4446000,2014,Misquamicut,Rhode Island,349.0,0.0,,23.67,1050.0,70750.0,552100.0,24.7,94.84,1.43,0.0,0.0,0.0,0.0,3.72,0.0,,,,,0,0,0
4446000,2015,Misquamicut,Rhode Island,349.0,0.0,61.48,23.67,1050.0,70750.0,552100.0,24.7,94.84,1.43,0.0,0.0,0.0,0.0,3.72,0.0,0.6,0.6,0.98,0.98,0,0,0
4446000,2016,Misquamicut,Rhode Island,349.0,0.0,61.48,23.67,1050.0,70750.0,552100.0,24.7,94.84,1.43,0.0,0.0,0.0,0.0,3.72,0.0,0.6,0.0,0.0,0.98,1,0,0
4448700,2000,Narragansett Pier,Rhode Island,3671.0,14.14,,49.74,679.0,39918.0,195500.0,27.9,92.89,0.82,1.88,1.69,1.04,0.0,1.36,0.33,,,,,0,0,0
4448700,2001,Narragansett Pier,Rhode Island,3671.0,14.14,898.7,49.74,679.0,39918.0,195500.0,27.9,92.89,0.82,1.88,1.69,1.04,0.0,1.36,0.33,4.53,4.53,0.5,0.5,1,0,0
4448700,2002,Narragansett Pier,Rhode Island,3671.0,14.14,,49.74,679.0,39918.0,195500.0,27.9,92.89,0.82,1.88,1.69,1.04,0.0,1.36,0.33,,,,,0,0,0
4448700,2003,Narragansett Pier,Rhode Island,3671.0,14.14,,49.74,679.0,39918.0,195500.0,27.9,92.89,0.82,1.88,1.69,1.04,0.0,1.36,0.33,,,,,0,0,0
4448700,2004,Narragansett Pier,Rhode Island,3671.0,14.14,,49.74,679.0,39918.0,195500.0,27.9,92.89,0.82,1.88,1.69,1.04,0.0,1.36,0.33,,,,,0,0,0
4448700,2005,Narragansett Pier,Rhode Island,3493.0,4.52,,40.34,938.0,53456.0,463600.0,34.4,99.17,0.0,0.34,0.0,0.49,0.0,0.0,0.0,,,,,0,0,0
4448700,2006,Narragansett Pier,Rhode Island,3493.0,4.52,,40.34,938.0,53456.0,463600.0,34.4,99.17,0.0,0.34,0.0,0.49,0.0,0.0,0.0,,,,,0,0,0
4448700,2007,Narragansett Pier,Rhode Island,3493.0,4.52,844.03,40.34,938.0,53456.0,463600.0,34.4,99.17,0.0,0.34,0.0,0.49,0.0,0.0,0.0,5.34,5.34,0.63,0.63,1,0,0
4448700,2008,Narragansett Pier,Rhode Island,3493.0,4.52,834.23,40.34,938.0,53456.0,463600.0,34.4,99.17,0.0,0.34,0.0,0.49,0.0,0.0,0.0,4.15,4.15,0.5,0.5,1,0,0
4448700,2009,Narragansett Pier,Rhode Island,3493.0,4.52,826.04,40.34,938.0,53456.0,463600.0,34.4,99.17,0.0,0.34,0.0,0.49,0.0,0.0,0.0,5.53,5.53,0.67,0.67,1,0,0
4448700,2010,Narragansett Pier,Rhode Island,3409.0,3.08,816.39,48.62,972.0,53409.0,459300.0,30.6,94.22,1.11,1.5,1.2,1.03,0.0,0.88,0.06,7.5,7.5,0.92,0.92,1,0,0
4448700,2011,Narragansett Pier,Rhode Island,3957.0,4.23,826.93,45.92,1098.0,56711.0,446000.0,29.6,93.58,0.0,5.26,0.3,0.28,0.0,0.58,0.0,8.01,8.01,0.97,0.97,1,0,0
4448700,2012,Narragansett Pier,Rhode Island,3957.0,4.23,,45.92,1098.0,56711.0,446000.0,29.6,93.58,0.0,5.26,0.3,0.28,0.0,0.58,0.0,,,,,0,0,0
4448700,2013,Narragansett Pier,Rhode Island,3957.0,4.23,,45.92,1098.0,56711.0,446000.0,29.6,93.58,0.0,5.26,0.3,0.28,0.0,0.58,0.0,,,,,0,0,0
4448700,2014,Narragansett Pier,Rhode Island,3957.0,4.23,,45.92,1098.0,56711.0,446000.0,29.6,93.58,0.0,5.26,0.3,0.28,0.0,0.58,0.0,,,,,0,0,0
4448700,2015,Narragansett Pier,Rhode Island,3957.0,4.23,864.56,45.92,1098.0,56711.0,446000.0,29.6,93.58,0.0,5.26,0.3,0.28,0.0,0.58,0.0,12.63,7.58,0.88,1.46,0,0,0
4448700,2016,Narragansett Pier,Rhode Island,3957.0,4.23,875.1,45.92,1098.0,56711.0,446000.0,29.6,93.58,0.0,5.26,0.3,0.28,0.0,0.58,0.0,14.1,9.0,1.03,1.61,1,0,0
4449960,2000,Newport,Rhode Island,26475.0,14.41,,58.13,646.0,40669.0,161700.0,25.3,81.67,7.15,5.54,0.76,1.29,0.08,2.9,0.61,,,,,0,0,0
4449960,2001,Newport,Rhode Island,26475.0,14.41,,58.13,646.0,40669.0,161700.0,25.3,81.67,7.15,5.54,0.76,1.29,0.08,2.9,0.61,,,,,0,0,0
4449960,2002,Newport,Rhode Island,26475.0,14.41,,58.13,646.0,40669.0,161700.0,25.3,81.67,7.15,5.54,0.76,1.29,0.08,2.9,0.61,,,,,0,0,0
4449960,2003,Newport,Rhode Island,26475.0,14.41,,58.13,646.0,40669.0,161700.0,25.3,81.67,7.15,5.54,0.76,1.29,0.08,2.9,0.61,,,,,0,0,0
4449960,2004,Newport,Rhode Island,26475.0,14.41,,58.13,646.0,40669.0,161700.0,25.3,81.67,7.15,5.54,0.76,1.29,0.08,2.9,0.61,,,,,0,0,0
4449960,2005,Newport,Rhode Island,24234.0,5.09,,51.75,1021.0,56802.0,433600.0,27.7,88.06,5.61,3.24,0.08,1.13,0.0,1.81,0.08,,,,,0,0,0
4449960,2006,Newport,Rhode Island,24234.0,5.09,,51.75,1021.0,56802.0,433600.0,27.7,88.06,5.61,3.24,0.08,1.13,0.0,1.81,0.08,,,,,0,0,0
4449960,2007,Newport,Rhode Island,24234.0,5.09,6208.0,51.75,1021.0,56802.0,433600.0,27.7,88.06,5.61,3.24,0.08,1.13,0.0,1.81,0.08,131.0,101.0,1.63,2.11,1,0,0
4449960,2008,Newport,Rhode Island,24234.0,5.09,6132.0,51.75,1021.0,56802.0,433600.0,27.7,88.06,5.61,3.24,0.08,1.13,0.0,1.81,0.08,121.0,99.0,1.61,1.97,1,0,0
4449960,2009,Newport,Rhode Island,24234.0,5.09,6058.0,51.75,1021.0,56802.0,433600.0,27.7,88.06,5.61,3.24,0.08,1.13,0.0,1.81,0.08,89.0,70.0,1.16,1.47,1,0,0
4449960,2010,Newport,Rhode Island,24672.0,5.93,5984.0,56.37,1131.0,57690.0,402200.0,27.6,78.47,6.4,8.36,0.65,1.35,0.04,4.15,0.58,123.0,101.0,1.69,2.06,1,0,0
4449960,2011,Newport,Rhode Island,24459.0,10.0,6028.0,58.58,1032.0,57218.0,379800.0,28.4,77.57,5.97,10.01,0.39,0.93,0.0,4.65,0.49,210.0,114.0,1.89,3.48,1,0,0
4449960,2012,Newport,Rhode Island,24459.0,10.0,6074.0,58.58,1032.0,57218.0,379800.0,28.4,77.57,5.97,10.01,0.39,0.93,0.0,4.65,0.49,151.0,91.0,1.5,2.49,1,0,0
4449960,2013,Newport,Rhode Island,24459.0,10.0,6124.0,58.58,1032.0,57218.0,379800.0,28.4,77.57,5.97,10.01,0.39,0.93,0.0,4.65,0.49,150.0,116.0,1.89,2.45,1,0,0
4449960,2014,Newport,Rhode Island,24459.0,10.0,6164.0,58.58,1032.0,57218.0,379800.0,28.4,77.57,5.97,10.01,0.39,0.93,0.0,4.65,0.49,171.0,85.0,1.38,2.77,1,0,0
4449960,2015,Newport,Rhode Island,24459.0,10.0,6213.0,58.58,1032.0,57218.0,379800.0,28.4,77.57,5.97,10.01,0.39,0.93,0.0,4.65,0.49,216.0,88.0,1.42,3.48,0,0,0
4449960,2016,Newport,Rhode Island,24459.0,10.0,6254.0,58.58,1032.0,57218.0,379800.0,28.4,77.57,5.97,10.01,0.39,0.93,0.0,4.65,0.49,230.0,104.0,1.66,3.68,1,0,0
4450140,2000,Newport East,Rhode Island,11463.0,5.5,,40.84,721.0,49552.0,148900.0,24.1,89.3,3.98,2.17,0.31,1.85,0.1,2.05,0.24,,,,,0,0,0
4450140,2001,Newport East,Rhode Island,11463.0,5.5,,40.84,721.0,49552.0,148900.0,24.1,89.3,3.98,2.17,0.31,1.85,0.1,2.05,0.24,,,,,0,0,0
4450140,2002,Newport East,Rhode Island,11463.0,5.5,,40.84,721.0,49552.0,148900.0,24.1,89.3,3.98,2.17,0.31,1.85,0.1,2.05,0.24,,,,,0,0,0
4450140,2003,Newport East,Rhode Island,11463.0,5.5,,40.84,721.0,49552.0,148900.0,24.1,89.3,3.98,2.17,0.31,1.85,0.1,2.05,0.24,,,,,0,0,0
4450140,2004,Newport East,Rhode Island,11463.0,5.5,,40.84,721.0,49552.0,148900.0,24.1,89.3,3.98,2.17,0.31,1.85,0.1,2.05,0.24,,,,,0,0,0
4450140,2005,Newport East,Rhode Island,10766.0,5.45,,43.71,976.0,58975.0,359900.0,26.1,81.4,5.56,7.35,0.0,3.6,0.44,1.51,0.13,,,,,0,0,0
4450140,2006,Newport East,Rhode Island,10766.0,5.45,,43.71,976.0,58975.0,359900.0,26.1,81.4,5.56,7.35,0.0,3.6,0.44,1.51,0.13,,,,,0,0,0
4450140,2007,Newport East,Rhode Island,10766.0,5.45,2297.41,43.71,976.0,58975.0,359900.0,26.1,81.4,5.56,7.35,0.0,3.6,0.44,1.51,0.13,34.85,27.28,1.19,1.52,1,0,0
4450140,2008,Newport East,Rhode Island,10766.0,5.45,2298.56,43.71,976.0,58975.0,359900.0,26.1,81.4,5.56,7.35,0.0,3.6,0.44,1.51,0.13,22.52,21.53,0.94,0.98,1,0,0
4450140,2009,Newport East,Rhode Island,10766.0,5.45,2300.77,43.71,976.0,58975.0,359900.0,26.1,81.4,5.56,7.35,0.0,3.6,0.44,1.51,0.13,34.89,25.49,1.11,1.52,1,0,0
4450140,2010,Newport East,Rhode Island,11769.0,6.14,2301.92,46.22,1109.0,63767.0,328200.0,28.3,83.71,4.67,4.83,0.27,2.97,0.14,2.85,0.55,40.51,33.98,1.48,1.76,1,0,0
4450140,2011,Newport East,Rhode Island,11091.0,7.27,2311.34,50.06,1160.0,61364.0,298200.0,29.9,78.05,5.19,6.5,0.41,3.8,0.12,4.64,1.28,43.99,35.58,1.54,1.9,1,0,0
4450140,2012,Newport East,Rhode Island,11091.0,7.27,2315.81,50.06,1160.0,61364.0,298200.0,29.9,78.05,5.19,6.5,0.41,3.8,0.12,4.64,1.28,44.11,37.69,1.63,1.9,1,0,0
4450140,2013,Newport East,Rhode Island,11091.0,7.27,2325.23,50.06,1160.0,61364.0,298200.0,29.9,78.05,5.19,6.5,0.41,3.8,0.12,4.64,1.28,49.62,45.4,1.95,2.13,1,0,0
4450140,2014,Newport East,Rhode Island,11091.0,7.27,2331.32,50.06,1160.0,61364.0,298200.0,29.9,78.05,5.19,6.5,0.41,3.8,0.12,4.64,1.28,56.45,33.67,1.44,2.42,1,0,0
4450140,2015,Newport East,Rhode Island,11091.0,7.27,2337.13,50.06,1160.0,61364.0,298200.0,29.9,78.05,5.19,6.5,0.41,3.8,0.12,4.64,1.28,55.06,26.62,1.14,2.36,0,0,0
4450140,2016,Newport East,Rhode Island,11091.0,7.27,2345.22,50.06,1160.0,61364.0,298200.0,29.9,78.05,5.19,6.5,0.41,3.8,0.12,4.64,1.28,58.19,23.34,1.0,2.48,1,0,0
4451940,2000,North Providence,Rhode Island,32411.0,8.07,,39.73,580.0,39721.0,120800.0,24.9,89.79,2.54,3.85,0.15,1.84,0.02,1.35,0.46,,,,,0,0,0
4451940,2001,North Providence,Rhode Island,32411.0,8.07,,39.73,580.0,39721.0,120800.0,24.9,89.79,2.54,3.85,0.15,1.84,0.02,1.35,0.46,,,,,0,0,0
4451940,2002,North Providence,Rhode Island,32411.0,8.07,,39.73,580.0,39721.0,120800.0,24.9,89.79,2.54,3.85,0.15,1.84,0.02,1.35,0.46,,,,,0,0,0
4451940,2003,North Providence,Rhode Island,32411.0,8.07,,39.73,580.0,39721.0,120800.0,24.9,89.79,2.54,3.85,0.15,1.84,0.02,1.35,0.46,,,,,0,0,0
4451940,2004,North Providence,Rhode Island,32411.0,8.07,,39.73,580.0,39721.0,120800.0,24.9,89.79,2.54,3.85,0.15,1.84,0.02,1.35,0.46,,,,,0,0,0
4451940,2005,North Providence,Rhode Island,32807.0,6.3,,38.18,873.0,47751.0,253100.0,30.4,84.8,6.07,6.15,0.0,2.05,0.0,0.64,0.28,,,,,0,0,0
4451940,2006,North Providence,Rhode Island,32807.0,6.3,,38.18,873.0,47751.0,253100.0,30.4,84.8,6.07,6.15,0.0,2.05,0.0,0.64,0.28,,,,,0,0,0
4451940,2007,North Providence,Rhode Island,32807.0,6.3,,38.18,873.0,47751.0,253100.0,30.4,84.8,6.07,6.15,0.0,2.05,0.0,0.64,0.28,,,,,0,0,0
4451940,2008,North Providence,Rhode Island,32807.0,6.3,,38.18,873.0,47751.0,253100.0,30.4,84.8,6.07,6.15,0.0,2.05,0.0,0.64,0.28,,,,,0,0,0
4451940,2009,North Providence,Rhode Island,32807.0,6.3,,38.18,873.0,47751.0,253100.0,30.4,84.8,6.07,6.15,0.0,2.05,0.0,0.64,0.28,,,,,0,0,0
4454460,2000,Pascoag,Rhode Island,4742.0,9.0,,37.21,572.0,48778.0,124900.0,24.6,97.68,0.23,1.03,0.32,0.27,0.02,0.44,0.0,,,,,0,0,0
4454460,2001,Pascoag,Rhode Island,4742.0,9.0,,37.21,572.0,48778.0,124900.0,24.6,97.68,0.23,1.03,0.32,0.27,0.02,0.44,0.0,,,,,0,0,0
4454460,2002,Pascoag,Rhode Island,4742.0,9.0,,37.21,572.0,48778.0,124900.0,24.6,97.68,0.23,1.03,0.32,0.27,0.02,0.44,0.0,,,,,0,0,0
4454460,2003,Pascoag,Rhode Island,4742.0,9.0,,37.21,572.0,48778.0,124900.0,24.6,97.68,0.23,1.03,0.32,0.27,0.02,0.44,0.0,,,,,0,0,0
4454460,2004,Pascoag,Rhode Island,4742.0,9.0,,37.21,572.0,48778.0,124900.0,24.6,97.68,0.23,1.03,0.32,0.27,0.02,0.44,0.0,,,,,0,0,0
4454460,2005,Pascoag,Rhode Island,4972.0,11.74,,38.99,771.0,54821.0,265500.0,28.4,95.45,0.42,1.45,0.91,1.29,0.0,0.08,0.4,,,,,0,0,0
4454460,2006,Pascoag,Rhode Island,4972.0,11.74,,38.99,771.0,54821.0,265500.0,28.4,95.45,0.42,1.45,0.91,1.29,0.0,0.08,0.4,,,,,0,0,0
4454460,2007,Pascoag,Rhode Island,4972.0,11.74,575.41,38.99,771.0,54821.0,265500.0,28.4,95.45,0.42,1.45,0.91,1.29,0.0,0.08,0.4,11.56,10.56,1.84,2.01,1,0,0
4454460,2008,Pascoag,Rhode Island,4972.0,11.74,575.95,38.99,771.0,54821.0,265500.0,28.4,95.45,0.42,1.45,0.91,1.29,0.0,0.08,0.4,8.89,7.89,1.37,1.54,1,0,0
4454460,2009,Pascoag,Rhode Island,4972.0,11.74,573.58,38.99,771.0,54821.0,265500.0,28.4,95.45,0.42,1.45,0.91,1.29,0.0,0.08,0.4,6.91,6.91,1.21,1.21,1,0,0
4454460,2010,Pascoag,Rhode Island,4577.0,4.74,573.4,35.8,863.0,49880.0,229500.0,32.3,95.22,0.5,2.56,0.22,0.2,0.0,1.2,0.11,10.21,10.21,1.78,1.78,0,0,0
4454460,2011,Pascoag,Rhode Island,4583.0,9.37,580.32,41.6,928.0,51291.0,202900.0,32.8,95.35,0.44,0.74,0.0,0.81,0.0,2.03,0.63,17.49,17.49,3.01,3.01,0,0,0
4454460,2012,Pascoag,Rhode Island,4583.0,9.37,586.37,41.6,928.0,51291.0,202900.0,32.8,95.35,0.44,0.74,0.0,0.81,0.0,2.03,0.63,11.81,10.81,1.84,2.01,1,0,0
4454460,2013,Pascoag,Rhode Island,4583.0,9.37,595.5,41.6,928.0,51291.0,202900.0,32.8,95.35,0.44,0.74,0.0,0.81,0.0,2.03,0.63,13.44,13.44,2.26,2.26,0,0,0
4454460,2014,Pascoag,Rhode Island,4583.0,9.37,602.42,41.6,928.0,51291.0,202900.0,32.8,95.35,0.44,0.74,0.0,0.81,0.0,2.03,0.63,25.5,18.95,3.15,4.23,0,0,0
4454460,2015,Pascoag,Rhode Island,4583.0,9.37,608.47,41.6,928.0,51291.0,202900.0,32.8,95.35,0.44,0.74,0.0,0.81,0.0,2.03,0.63,24.56,14.84,2.44,4.04,0,0,0
4454460,2016,Pascoag,Rhode Island,4583.0,9.37,615.4,41.6,928.0,51291.0,202900.0,32.8,95.35,0.44,0.74,0.0,0.81,0.0,2.03,0.63,17.28,10.35,1.68,2.81,0,0,0
4454640,2000,Pawtucket,Rhode Island,72958.0,16.77,,55.63,498.0,31775.0,99000.0,24.7,69.13,6.68,13.9,0.21,0.83,0.04,4.17,5.04,,,,,0,0,0
4454640,2001,Pawtucket,Rhode Island,72958.0,16.77,,55.63,498.0,31775.0,99000.0,24.7,69.13,6.68,13.9,0.21,0.83,0.04,4.17,5.04,,,,,0,0,0
4454640,2002,Pawtucket,Rhode Island,72958.0,16.77,,55.63,498.0,31775.0,99000.0,24.7,69.13,6.68,13.9,0.21,0.83,0.04,4.17,5.04,,,,,0,0,0
4454640,2003,Pawtucket,Rhode Island,72958.0,16.77,,55.63,498.0,31775.0,99000.0,24.7,69.13,6.68,13.9,0.21,0.83,0.04,4.17,5.04,,,,,0,0,0
4454640,2004,Pawtucket,Rhode Island,72958.0,16.77,,55.63,498.0,31775.0,99000.0,24.7,69.13,6.68,13.9,0.21,0.83,0.04,4.17,5.04,,,,,0,0,0
4454640,2005,Pawtucket,Rhode Island,72437.0,14.44,,52.1,803.0,41384.0,235200.0,29.2,61.62,13.7,15.89,0.22,2.1,0.0,2.08,4.39,,,,,0,0,0
4454640,2006,Pawtucket,Rhode Island,72437.0,14.44,,52.1,803.0,41384.0,235200.0,29.2,61.62,13.7,15.89,0.22,2.1,0.0,2.08,4.39,,,,,0,0,0
4454640,2007,Pawtucket,Rhode Island,72437.0,14.44,16219.0,52.1,803.0,41384.0,235200.0,29.2,61.62,13.7,15.89,0.22,2.1,0.0,2.08,4.39,450.0,422.0,2.6,2.77,1,0,0
4454640,2008,Pawtucket,Rhode Island,72437.0,14.44,16147.0,52.1,803.0,41384.0,235200.0,29.2,61.62,13.7,15.89,0.22,2.1,0.0,2.08,4.39,510.0,462.0,2.86,3.16,1,0,0
4454640,2009,Pawtucket,Rhode Island,72437.0,14.44,16075.0,52.1,803.0,41384.0,235200.0,29.2,61.62,13.7,15.89,0.22,2.1,0.0,2.08,4.39,514.0,481.0,2.99,3.2,1,0,0
4454640,2010,Pawtucket,Rhode Island,71148.0,15.19,16002.0,55.14,811.0,40383.0,201300.0,30.9,56.74,12.18,19.74,0.38,1.47,0.04,4.45,5.0,538.0,502.0,3.14,3.36,0,0,0
4454640,2011,Pawtucket,Rhode Island,71395.0,16.48,16121.0,56.24,832.0,41789.0,170200.0,29.4,52.18,15.48,22.06,0.21,1.53,0.13,3.68,4.72,659.0,633.0,3.93,4.09,0,0,0
4454640,2012,Pawtucket,Rhode Island,71395.0,16.48,16228.0,56.24,832.0,41789.0,170200.0,29.4,52.18,15.48,22.06,0.21,1.53,0.13,3.68,4.72,467.0,440.0,2.71,2.88,1,0,0
4454640,2013,Pawtucket,Rhode Island,71395.0,16.48,16361.0,56.24,832.0,41789.0,170200.0,29.4,52.18,15.48,22.06,0.21,1.53,0.13,3.68,4.72,488.0,459.0,2.81,2.98,0,0,0
4454640,2014,Pawtucket,Rhode Island,71395.0,16.48,16459.0,56.24,832.0,41789.0,170200.0,29.4,52.18,15.48,22.06,0.21,1.53,0.13,3.68,4.72,668.0,502.0,3.05,4.06,0,0,0
4454640,2015,Pawtucket,Rhode Island,71395.0,16.48,16575.0,56.24,832.0,41789.0,170200.0,29.4,52.18,15.48,22.06,0.21,1.53,0.13,3.68,4.72,1024.0,698.0,4.21,6.18,0,0,0
4454640,2016,Pawtucket,Rhode Island,71395.0,16.48,16685.0,56.24,832.0,41789.0,170200.0,29.4,52.18,15.48,22.06,0.21,1.53,0.13,3.68,4.72,969.0,665.0,3.99,5.81,0,0,0
4459000,2000,Providence,Rhode Island,173618.0,29.14,,65.4,526.0,26867.0,101500.0,28.1,45.76,12.73,30.03,0.83,5.93,0.05,3.66,1.0,,,,,0,0,0
4459000,2001,Providence,Rhode Island,173618.0,29.14,,65.4,526.0,26867.0,101500.0,28.1,45.76,12.73,30.03,0.83,5.93,0.05,3.66,1.0,,,,,0,0,0
4459000,2002,Providence,Rhode Island,173618.0,29.14,,65.4,526.0,26867.0,101500.0,28.1,45.76,12.73,30.03,0.83,5.93,0.05,3.66,1.0,,,,,0,0,0
4459000,2003,Providence,Rhode Island,173618.0,29.14,,65.4,526.0,26867.0,101500.0,28.1,45.76,12.73,30.03,0.83,5.93,0.05,3.66,1.0,,,,,0,0,0
4459000,2004,Providence,Rhode Island,173618.0,29.14,,65.4,526.0,26867.0,101500.0,28.1,45.76,12.73,30.03,0.83,5.93,0.05,3.66,1.0,,,,,0,0,0
4459000,2005,Providence,Rhode Island,172519.0,22.02,,61.89,887.0,37273.0,248100.0,32.7,39.24,12.93,37.69,0.61,6.19,0.02,2.16,1.17,,,,,0,0,0
4459000,2006,Providence,Rhode Island,172519.0,22.02,,61.89,887.0,37273.0,248100.0,32.7,39.24,12.93,37.69,0.61,6.19,0.02,2.16,1.17,,,,,0,0,0
4459000,2007,Providence,Rhode Island,172519.0,22.02,40831.0,61.89,887.0,37273.0,248100.0,32.7,39.24,12.93,37.69,0.61,6.19,0.02,2.16,1.17,1308.0,1181.0,2.89,3.2,1,0,0
4459000,2008,Providence,Rhode Island,172519.0,22.02,40821.0,61.89,887.0,37273.0,248100.0,32.7,39.24,12.93,37.69,0.61,6.19,0.02,2.16,1.17,1355.0,1146.0,2.81,3.32,1,0,0
4459000,2009,Providence,Rhode Island,172519.0,22.02,40831.0,61.89,887.0,37273.0,248100.0,32.7,39.24,12.93,37.69,0.61,6.19,0.02,2.16,1.17,1377.0,1224.0,3.0,3.37,1,0,0
4459000,2010,Providence,Rhode Island,178042.0,23.54,40827.0,65.1,910.0,38243.0,214800.0,32.7,37.58,13.14,38.1,0.69,6.26,0.05,3.21,0.97,1554.0,1398.0,3.42,3.81,0,0,0
4459000,2011,Providence,Rhode Island,178680.0,23.96,40920.0,65.14,913.0,37501.0,177100.0,32.5,35.92,13.04,40.23,0.88,6.66,0.1,2.43,0.74,1694.0,1563.0,3.82,4.14,0,0,0
4459000,2012,Providence,Rhode Island,178680.0,23.96,41005.0,65.14,913.0,37501.0,177100.0,32.5,35.92,13.04,40.23,0.88,6.66,0.1,2.43,0.74,1322.0,1214.0,2.96,3.22,1,0,0
4459000,2013,Providence,Rhode Island,178680.0,23.96,41123.0,65.14,913.0,37501.0,177100.0,32.5,35.92,13.04,40.23,0.88,6.66,0.1,2.43,0.74,1347.0,1241.0,3.02,3.28,0,0,0
4459000,2014,Providence,Rhode Island,178680.0,23.96,41178.0,65.14,913.0,37501.0,177100.0,32.5,35.92,13.04,40.23,0.88,6.66,0.1,2.43,0.74,1721.0,1140.0,2.77,4.18,0,0,0
4459000,2015,Providence,Rhode Island,178680.0,23.96,41281.0,65.14,913.0,37501.0,177100.0,32.5,35.92,13.04,40.23,0.88,6.66,0.1,2.43,0.74,2749.0,1695.0,4.11,6.66,0,0,0
4459000,2016,Providence,Rhode Island,178680.0,23.96,41356.0,65.14,913.0,37501.0,177100.0,32.5,35.92,13.04,40.23,0.88,6.66,0.1,2.43,0.74,2577.0,1580.0,3.82,6.23,0,0,0
4460260,2000,Quonochontaug,Rhode Island,,,,,,,,,,,,,,,,,,,,,0,0,0
4460260,2001,Quonochontaug,Rhode Island,,,32.78,,,,,,,,,,,,,,1.16,1.16,3.54,3.54,1,0,0
4460260,2002,Quonochontaug,Rhode Island,,,,,,,,,,,,,,,,,,,,,0,0,0
4460260,2003,Quonochontaug,Rhode Island,,,,,,,,,,,,,,,,,,,,,0,0,0
4460260,2004,Quonochontaug,Rhode Island,,,,,,,,,,,,,,,,,,,,,0,0,0
4460260,2005,Quonochontaug,Rhode Island,,,,,,,,,,,,,,,,,,,,,0,0,0
4460260,2006,Quonochontaug,Rhode Island,,,,,,,,,,,,,,,,,,,,,0,0,0
4460260,2007,Quonochontaug,Rhode Island,,,36.96,,,,,,,,,,,,,,0.0,0.0,0.01,0.01,1,0,0
4460260,2008,Quonochontaug,Rhode Island,,,38.27,,,,,,,,,,,,,,0.0,0.0,0.0,0.0,1,0,0
4460260,2009,Quonochontaug,Rhode Island,,,38.85,,,,,,,,,,,,,,0.58,0.58,1.49,1.49,1,0,0
4460260,2010,Quonochontaug,Rhode Island,333.0,0.0,39.42,14.44,1563.0,98409.0,575800.0,15.6,96.7,0.3,0.3,0.3,0.0,0.0,1.5,0.9,0.0,0.0,0.0,0.0,1,0,0
4460260,2011,Quonochontaug,Rhode Island,558.0,5.0,40.01,7.11,,82917.0,750000.0,,100.0,0.0,0.0,0.0,0.0,0.0,0.0,0.0,0.74,0.74,1.84,1.84,1,0,0
4460260,2012,Quonochontaug,Rhode Island,558.0,5.0,,7.11,,82917.0,750000.0,,100.0,0.0,0.0,0.0,0.0,0.0,0.0,0.0,,,,,0,0,0
4460260,2013,Quonochontaug,Rhode Island,558.0,5.0,,7.11,,82917.0,750000.0,,100.0,0.0,0.0,0.0,0.0,0.0,0.0,0.0,,,,,0,0,0
4460260,2014,Quonochontaug,Rhode Island,558.0,5.0,,7.11,,82917.0,750000.0,,100.0,0.0,0.0,0.0,0.0,0.0,0.0,0.0,,,,,0,0,0
4460260,2015,Quonochontaug,Rhode Island,558.0,5.0,41.91,7.11,,82917.0,750000.0,,100.0,0.0,0.0,0.0,0.0,0.0,0.0,0.0,0.02,0.02,0.04,0.04,0,0,0
4460260,2016,Quonochontaug,Rhode Island,558.0,5.0,41.92,7.11,,82917.0,750000.0,,100.0,0.0,0.0,0.0,0.0,0.0,0.0,0.0,0.59,0.58,1.39,1.4,1,0,0
4470700,2000,Tiverton,Rhode Island,7282.0,5.1,,23.75,648.0,45683.0,132300.0,29.5,97.17,0.37,0.99,0.12,0.49,0.01,0.7,0.14,,,,,0,0,0
4470700,2001,Tiverton,Rhode Island,7282.0,5.1,,23.75,648.0,45683.0,132300.0,29.5,97.17,0.37,0.99,0.12,0.49,0.01,0.7,0.14,,,,,0,0,0
4470700,2002,Tiverton,Rhode Island,7282.0,5.1,,23.75,648.0,45683.0,132300.0,29.5,97.17,0.37,0.99,0.12,0.49,0.01,0.7,0.14,,,,,0,0,0
4470700,2003,Tiverton,Rhode Island,7282.0,5.1,,23.75,648.0,45683.0,132300.0,29.5,97.17,0.37,0.99,0.12,0.49,0.01,0.7,0.14,,,,,0,0,0
4470700,2004,Tiverton,Rhode Island,7282.0,5.1,,23.75,648.0,45683.0,132300.0,29.5,97.17,0.37,0.99,0.12,0.49,0.01,0.7,0.14,,,,,0,0,0
4470700,2005,Tiverton,Rhode Island,6978.0,3.23,,23.02,869.0,52802.0,288900.0,27.2,94.38,0.42,2.72,1.07,0.47,0.0,0.93,0.0,,,,,0,0,0
4470700,2006,Tiverton,Rhode Island,6978.0,3.23,,23.02,869.0,52802.0,288900.0,27.2,94.38,0.42,2.72,1.07,0.47,0.0,0.93,0.0,,,,,0,0,0
4470700,2007,Tiverton,Rhode Island,6978.0,3.23,826.0,23.02,869.0,52802.0,288900.0,27.2,94.38,0.42,2.72,1.07,0.47,0.0,0.93,0.0,10.0,10.0,1.21,1.21,1,0,0
4470700,2008,Tiverton,Rhode Island,6978.0,3.23,840.0,23.02,869.0,52802.0,288900.0,27.2,94.38,0.42,2.72,1.07,0.47,0.0,0.93,0.0,6.0,5.0,0.6,0.71,1,0,0
4470700,2009,Tiverton,Rhode Island,6978.0,3.23,854.0,23.02,869.0,52802.0,288900.0,27.2,94.38,0.42,2.72,1.07,0.47,0.0,0.93,0.0,14.0,14.0,1.64,1.64,1,0,0
4470700,2010,Tiverton,Rhode Island,7557.0,2.06,869.0,26.37,910.0,65310.0,268300.0,28.3,94.51,1.09,1.68,0.11,0.99,0.03,1.48,0.12,12.0,12.0,1.38,1.38,1,0,0
4470700,2011,Tiverton,Rhode Island,7407.0,5.7,883.0,23.04,971.0,69054.0,249100.0,26.8,95.03,1.15,2.44,0.0,0.54,0.0,0.82,0.01,20.0,15.0,1.7,2.27,1,0,0
4470700,2012,Tiverton,Rhode Island,7407.0,5.7,896.0,23.04,971.0,69054.0,249100.0,26.8,95.03,1.15,2.44,0.0,0.54,0.0,0.82,0.01,17.0,12.0,1.34,1.9,1,0,0
4470700,2013,Tiverton,Rhode Island,7407.0,5.7,911.0,23.04,971.0,69054.0,249100.0,26.8,95.03,1.15,2.44,0.0,0.54,0.0,0.82,0.01,26.0,20.0,2.2,2.85,1,0,0
4470700,2014,Tiverton,Rhode Island,7407.0,5.7,924.0,23.04,971.0,69054.0,249100.0,26.8,95.03,1.15,2.44,0.0,0.54,0.0,0.82,0.01,18.0,8.0,0.87,1.95,1,0,0
4470700,2015,Tiverton,Rhode Island,7407.0,5.7,937.0,23.04,971.0,69054.0,249100.0,26.8,95.03,1.15,2.44,0.0,0.54,0.0,0.82,0.01,31.0,16.0,1.71,3.31,0,0,0
4470700,2016,Tiverton,Rhode Island,7407.0,5.7,951.0,23.04,971.0,69054.0,249100.0,26.8,95.03,1.15,2.44,0.0,0.54,0.0,0.82,0.01,48.0,31.0,3.26,5.05,1,0,0
4472500,2000,Valley Falls,Rhode Island,11599.0,5.0,,31.44,491.0,46163.0,130100.0,22.8,93.46,0.67,3.94,0.09,0.52,0.0,0.9,0.41,,,,,0,0,0
4472500,2001,Valley Falls,Rhode Island,11599.0,5.0,,31.44,491.0,46163.0,130100.0,22.8,93.46,0.67,3.94,0.09,0.52,0.0,0.9,0.41,,,,,0,0,0
4472500,2002,Valley Falls,Rhode Island,11599.0,5.0,,31.44,491.0,46163.0,130100.0,22.8,93.46,0.67,3.94,0.09,0.52,0.0,0.9,0.41,,,,,0,0,0
4472500,2003,Valley Falls,Rhode Island,11599.0,5.0,,31.44,491.0,46163.0,130100.0,22.8,93.46,0.67,3.94,0.09,0.52,0.0,0.9,0.41,,,,,0,0,0
4472500,2004,Valley Falls,Rhode Island,11599.0,5.0,,31.44,491.0,46163.0,130100.0,22.8,93.46,0.67,3.94,0.09,0.52,0.0,0.9,0.41,,,,,0,0,0
4472500,2005,Valley Falls,Rhode Island,11972.0,3.98,,26.74,808.0,59386.0,270700.0,28.9,92.88,2.27,3.89,0.0,0.28,0.0,0.68,0.0,,,,,0,0,0
4472500,2006,Valley Falls,Rhode Island,11972.0,3.98,,26.74,808.0,59386.0,270700.0,28.9,92.88,2.27,3.89,0.0,0.28,0.0,0.68,0.0,,,,,0,0,0
4472500,2007,Valley Falls,Rhode Island,11972.0,3.98,1457.52,26.74,808.0,59386.0,270700.0,28.9,92.88,2.27,3.89,0.0,0.28,0.0,0.68,0.0,22.47,20.42,1.4,1.54,1,0,0
4472500,2008,Valley Falls,Rhode Island,11972.0,3.98,1463.3,26.74,808.0,59386.0,270700.0,28.9,92.88,2.27,3.89,0.0,0.28,0.0,0.68,0.0,22.54,22.29,1.52,1.54,1,0,0
4472500,2009,Valley Falls,Rhode Island,11972.0,3.98,1470.9,26.74,808.0,59386.0,270700.0,28.9,92.88,2.27,3.89,0.0,0.28,0.0,0.68,0.0,31.69,29.69,2.02,2.15,1,0,0
4472500,2010,Valley Falls,Rhode Island,11547.0,4.14,1475.71,32.36,828.0,56831.0,240900.0,28.2,86.92,1.79,7.9,0.19,0.84,0.02,1.78,0.56,28.09,28.09,1.9,1.9,0,0,0
4472500,2011,Valley Falls,Rhode Island,12088.0,8.99,1488.71,29.26,837.0,58281.0,218500.0,28.2,88.0,0.95,7.83,0.19,1.5,0.0,1.09,0.43,28.76,27.74,1.86,1.93,0,0,0
4472500,2012,Valley Falls,Rhode Island,12088.0,8.99,1496.71,29.26,837.0,58281.0,218500.0,28.2,88.0,0.95,7.83,0.19,1.5,0.0,1.09,0.43,22.36,19.36,1.29,1.49,1,0,0
4472500,2013,Valley Falls,Rhode Island,12088.0,8.99,1509.72,29.26,837.0,58281.0,218500.0,28.2,88.0,0.95,7.83,0.19,1.5,0.0,1.09,0.43,53.78,45.78,3.03,3.56,0,0,0
4472500,2014,Valley Falls,Rhode Island,12088.0,8.99,1520.52,29.26,837.0,58281.0,218500.0,28.2,88.0,0.95,7.83,0.19,1.5,0.0,1.09,0.43,53.8,29.38,1.93,3.54,0,0,0
4472500,2015,Valley Falls,Rhode Island,12088.0,8.99,1529.52,29.26,837.0,58281.0,218500.0,28.2,88.0,0.95,7.83,0.19,1.5,0.0,1.09,0.43,44.67,22.23,1.45,2.92,0,0,0
4472500,2016,Valley Falls,Rhode Island,12088.0,8.99,1541.53,29.26,837.0,58281.0,218500.0,28.2,88.0,0.95,7.83,0.19,1.5,0.0,1.09,0.43,54.32,30.56,1.98,3.52,0,0,0
4473130,2000,Wakefield-Peacedale,Rhode Island,8468.0,5.41,,28.69,605.0,50313.0,151700.0,27.1,89.68,1.95,1.56,2.99,1.22,0.0,2.42,0.19,,,,,0,0,0
4473130,2001,Wakefield-Peacedale,Rhode Island,8468.0,5.41,865.45,28.69,605.0,50313.0,151700.0,27.1,89.68,1.95,1.56,2.99,1.22,0.0,2.42,0.19,19.21,19.21,2.22,2.22,1,0,0
4473130,2002,Wakefield-Peacedale,Rhode Island,8468.0,5.41,,28.69,605.0,50313.0,151700.0,27.1,89.68,1.95,1.56,2.99,1.22,0.0,2.42,0.19,,,,,0,0,0
4473130,2003,Wakefield-Peacedale,Rhode Island,8468.0,5.41,,28.69,605.0,50313.0,151700.0,27.1,89.68,1.95,1.56,2.99,1.22,0.0,2.42,0.19,,,,,0,0,0
4473130,2004,Wakefield-Peacedale,Rhode Island,8468.0,5.41,,28.69,605.0,50313.0,151700.0,27.1,89.68,1.95,1.56,2.99,1.22,0.0,2.42,0.19,,,,,0,0,0
4473130,2005,Wakefield-Peacedale,Rhode Island,8619.0,5.31,,28.43,839.0,67625.0,346400.0,41.2,91.45,2.62,2.52,1.69,0.28,0.0,1.26,0.17,,,,,0,0,0
4473130,2006,Wakefield-Peacedale,Rhode Island,8619.0,5.31,,28.43,839.0,67625.0,346400.0,41.2,91.45,2.62,2.52,1.69,0.28,0.0,1.26,0.17,,,,,0,0,0
4473130,2007,Wakefield-Peacedale,Rhode Island,8619.0,5.31,1017.02,28.43,839.0,67625.0,346400.0,41.2,91.45,2.62,2.52,1.69,0.28,0.0,1.26,0.17,18.88,17.88,1.76,1.86,1,0,0
4473130,2008,Wakefield-Peacedale,Rhode Island,8619.0,5.31,1040.79,28.43,839.0,67625.0,346400.0,41.2,91.45,2.62,2.52,1.69,0.28,0.0,1.26,0.17,20.85,20.85,2.0,2.0,1,0,0
4473130,2009,Wakefield-Peacedale,Rhode Island,8619.0,5.31,1067.69,28.43,839.0,67625.0,346400.0,41.2,91.45,2.62,2.52,1.69,0.28,0.0,1.26,0.17,24.11,22.11,2.07,2.26,1,0,0
4473130,2010,Wakefield-Peacedale,Rhode Island,8487.0,6.27,1091.59,30.26,796.0,61821.0,326500.0,30.3,88.94,1.73,2.45,2.43,1.38,0.01,2.75,0.32,18.89,17.89,1.64,1.73,1,0,0
4473130,2011,Wakefield-Peacedale,Rhode Island,8862.0,11.3,1109.75,31.71,1025.0,64497.0,297400.0,29.4,87.55,2.37,4.11,3.81,1.14,0.0,0.79,0.23,30.7,28.32,2.55,2.77,1,0,0
4473130,2012,Wakefield-Peacedale,Rhode Island,8862.0,11.3,,31.71,1025.0,64497.0,297400.0,29.4,87.55,2.37,4.11,3.81,1.14,0.0,0.79,0.23,,,,,0,0,0
4473130,2013,Wakefield-Peacedale,Rhode Island,8862.0,11.3,,31.71,1025.0,64497.0,297400.0,29.4,87.55,2.37,4.11,3.81,1.14,0.0,0.79,0.23,,,,,0,0,0
4473130,2014,Wakefield-Peacedale,Rhode Island,8862.0,11.3,,31.71,1025.0,64497.0,297400.0,29.4,87.55,2.37,4.11,3.81,1.14,0.0,0.79,0.23,,,,,0,0,0
4473130,2015,Wakefield-Peacedale,Rhode Island,8862.0,11.3,1178.86,31.71,1025.0,64497.0,297400.0,29.4,87.55,2.37,4.11,3.81,1.14,0.0,0.79,0.23,62.02,31.37,2.66,5.26,0,0,0
4473130,2016,Wakefield-Peacedale,Rhode Island,8862.0,11.3,1195.95,31.71,1025.0,64497.0,297400.0,29.4,87.55,2.37,4.11,3.81,1.14,0.0,0.79,0.23,32.73,20.32,1.7,2.74,1,0,0
4474300,2000,Warwick,Rhode Island,85808.0,5.94,,27.34,673.0,46483.0,111700.0,25.2,94.3,1.09,1.6,0.22,1.49,0.01,1.16,0.13,,,,,0,0,0
4474300,2001,Warwick,Rhode Island,85808.0,5.94,,27.34,673.0,46483.0,111700.0,25.2,94.3,1.09,1.6,0.22,1.49,0.01,1.16,0.13,,,,,0,0,0
4474300,2002,Warwick,Rhode Island,85808.0,5.94,,27.34,673.0,46483.0,111700.0,25.2,94.3,1.09,1.6,0.22,1.49,0.01,1.16,0.13,,,,,0,0,0
4474300,2003,Warwick,Rhode Island,85808.0,5.94,,27.34,673.0,46483.0,111700.0,25.2,94.3,1.09,1.6,0.22,1.49,0.01,1.16,0.13,,,,,0,0,0
4474300,2004,Warwick,Rhode Island,85808.0,5.94,,27.34,673.0,46483.0,111700.0,25.2,94.3,1.09,1.6,0.22,1.49,0.01,1.16,0.13,,,,,0,0,0
4474300,2005,Warwick,Rhode Island,85383.0,4.09,,24.66,979.0,61114.0,238000.0,27.0,92.5,1.78,2.0,0.09,2.12,0.0,1.3,0.19,,,,,0,0,0
4474300,2006,Warwick,Rhode Island,85383.0,4.09,,24.66,979.0,61114.0,238000.0,27.0,92.5,1.78,2.0,0.09,2.12,0.0,1.3,0.19,,,,,0,0,0
4474300,2007,Warwick,Rhode Island,85383.0,4.09,,24.66,979.0,61114.0,238000.0,27.0,92.5,1.78,2.0,0.09,2.12,0.0,1.3,0.19,,,,,0,0,0
4474300,2008,Warwick,Rhode Island,85383.0,4.09,,24.66,979.0,61114.0,238000.0,27.0,92.5,1.78,2.0,0.09,2.12,0.0,1.3,0.19,,,,,0,0,0
4474300,2009,Warwick,Rhode Island,85383.0,4.09,,24.66,979.0,61114.0,238000.0,27.0,92.5,1.78,2.0,0.09,2.12,0.0,1.3,0.19,,,,,0,0,0
4474300,2010,Warwick,Rhode Island,82672.0,4.6,,27.69,1032.0,60980.0,219800.0,30.3,90.8,1.49,3.42,0.25,2.23,0.02,1.6,0.2,,,,,0,0,0
4474300,2011,Warwick,Rhode Island,81855.0,4.17,,28.5,1064.0,66044.0,195700.0,29.1,89.29,1.29,4.89,0.09,2.48,0.0,1.67,0.28,,,,,0,0,0
4474300,2012,Warwick,Rhode Island,81855.0,4.17,,28.5,1064.0,66044.0,195700.0,29.1,89.29,1.29,4.89,0.09,2.48,0.0,1.67,0.28,,,,,0,0,0
4474300,2013,Warwick,Rhode Island,81855.0,4.17,,28.5,1064.0,66044.0,195700.0,29.1,89.29,1.29,4.89,0.09,2.48,0.0,1.67,0.28,,,,,0,0,0
4474300,2014,Warwick,Rhode Island,81855.0,4.17,,28.5,1064.0,66044.0,195700.0,29.1,89.29,1.29,4.89,0.09,2.48,0.0,1.67,0.28,,,,,0,0,0
4474300,2015,Warwick,Rhode Island,81855.0,4.17,10187.0,28.5,1064.0,66044.0,195700.0,29.1,89.29,1.29,4.89,0.09,2.48,0.0,1.67,0.28,459.0,256.0,2.51,4.51,0,0,0
4474300,2016,Warwick,Rhode Island,81855.0,4.17,10266.0,28.5,1064.0,66044.0,195700.0,29.1,89.29,1.29,4.89,0.09,2.48,0.0,1.67,0.28,540.0,250.0,2.44,5.26,0,0,0
4475200,2000,Watch Hill,Rhode Island,,,,,,,,,,,,,,,,,,,,,0,0,0
4475200,2001,Watch Hill,Rhode Island,,,25.84,,,,,,,,,,,,,,0.57,0.57,2.22,2.22,1,0,0
4475200,2002,Watch Hill,Rhode Island,,,,,,,,,,,,,,,,,,,,,0,0,0
4475200,2003,Watch Hill,Rhode Island,,,,,,,,,,,,,,,,,,,,,0,0,0
4475200,2004,Watch Hill,Rhode Island,,,,,,,,,,,,,,,,,,,,,0,0,0
4475200,2005,Watch Hill,Rhode Island,,,,,,,,,,,,,,,,,,,,,0,0,0
4475200,2006,Watch Hill,Rhode Island,,,,,,,,,,,,,,,,,,,,,0,0,0
4475200,2007,Watch Hill,Rhode Island,,,20.67,,,,,,,,,,,,,,1.15,1.15,5.56,5.56,1,0,0
4475200,2008,Watch Hill,Rhode Island,,,19.53,,,,,,,,,,,,,,0.57,0.57,2.94,2.94,1,0,0
4475200,2009,Watch Hill,Rhode Island,,,18.95,,,,,,,,,,,,,,0.57,0.57,3.03,3.03,1,0,0
4475200,2010,Watch Hill,Rhode Island,154.0,0.0,17.8,18.42,,104479.0,1000001.0,,98.05,0.0,1.95,0.0,0.0,0.0,0.0,0.0,0.0,0.0,0.0,0.0,1,0,0
4475200,2011,Watch Hill,Rhode Island,184.0,0.0,17.8,19.39,,80658.0,2000001.0,,99.46,0.0,0.0,0.0,0.54,0.0,0.0,0.0,0.0,0.0,0.0,0.0,1,0,0
4475200,2012,Watch Hill,Rhode Island,184.0,0.0,,19.39,,80658.0,2000001.0,,99.46,0.0,0.0,0.0,0.54,0.0,0.0,0.0,,,,,0,0,0
4475200,2013,Watch Hill,Rhode Island,184.0,0.0,,19.39,,80658.0,2000001.0,,99.46,0.0,0.0,0.0,0.54,0.0,0.0,0.0,,,,,0,0,0
4475200,2014,Watch Hill,Rhode Island,184.0,0.0,,19.39,,80658.0,2000001.0,,99.46,0.0,0.0,0.0,0.54,0.0,0.0,0.0,,,,,0,0,0
4475200,2015,Watch Hill,Rhode Island,184.0,0.0,18.95,19.39,,80658.0,2000001.0,,99.46,0.0,0.0,0.0,0.54,0.0,0.0,0.0,0.0,0.0,0.0,0.0,0,0,0
4475200,2016,Watch Hill,Rhode Island,184.0,0.0,18.95,19.39,,80658.0,2000001.0,,99.46,0.0,0.0,0.0,0.54,0.0,0.0,0.0,0.0,0.0,0.0,0.0,1,0,0
4475920,2000,Weekapaug,Rhode Island,,,,,,,,,,,,,,,,,,,,,0,0,0
4475920,2001,Weekapaug,Rhode Island,,,63.79,,,,,,,,,,,,,,0.78,0.78,1.22,1.22,1,0,0
4475920,2002,Weekapaug,Rhode Island,,,,,,,,,,,,,,,,,,,,,0,0,0
4475920,2003,Weekapaug,Rhode Island,,,,,,,,,,,,,,,,,,,,,0,0,0
4475920,2004,Weekapaug,Rhode Island,,,,,,,,,,,,,,,,,,,,,0,0,0
4475920,2005,Weekapaug,Rhode Island,,,,,,,,,,,,,,,,,,,,,0,0,0
4475920,2006,Weekapaug,Rhode Island,,,,,,,,,,,,,,,,,,,,,0,0,0
4475920,2007,Weekapaug,Rhode Island,,,53.46,,,,,,,,,,,,,,0.06,0.06,0.12,0.12,1,0,0
4475920,2008,Weekapaug,Rhode Island,,,52.06,,,,,,,,,,,,,,0.56,0.56,1.07,1.07,1,0,0
4475920,2009,Weekapaug,Rhode Island,,,50.04,,,,,,,,,,,,,,0.56,0.56,1.11,1.11,1,0,0
4475920,2010,Weekapaug,Rhode Island,425.0,0.0,48.65,25.85,788.0,51719.0,464300.0,41.3,95.53,0.47,0.94,1.65,0.0,0.0,1.41,0.0,2.05,2.05,4.21,4.21,1,0,0
4475920,2011,Weekapaug,Rhode Island,430.0,6.38,48.65,35.24,1313.0,67639.0,649200.0,23.0,98.14,0.93,0.0,0.0,0.0,0.0,0.93,0.0,0.78,0.78,1.6,1.6,1,0,0
4475920,2012,Weekapaug,Rhode Island,430.0,6.38,,35.24,1313.0,67639.0,649200.0,23.0,98.14,0.93,0.0,0.0,0.0,0.0,0.93,0.0,,,,,0,0,0
4475920,2013,Weekapaug,Rhode Island,430.0,6.38,,35.24,1313.0,67639.0,649200.0,23.0,98.14,0.93,0.0,0.0,0.0,0.0,0.93,0.0,,,,,0,0,0
4475920,2014,Weekapaug,Rhode Island,430.0,6.38,,35.24,1313.0,67639.0,649200.0,23.0,98.14,0.93,0.0,0.0,0.0,0.0,0.93,0.0,,,,,0,0,0
4475920,2015,Weekapaug,Rhode Island,430.0,6.38,50.04,35.24,1313.0,67639.0,649200.0,23.0,98.14,0.93,0.0,0.0,0.0,0.0,0.93,0.0,2.76,1.49,2.98,5.52,0,0,0
4475920,2016,Weekapaug,Rhode Island,430.0,6.38,50.04,35.24,1313.0,67639.0,649200.0,23.0,98.14,0.93,0.0,0.0,0.0,0.0,0.93,0.0,0.06,0.0,0.0,0.12,1,0,0
4476820,2000,Westerly,Rhode Island,17682.0,6.77,,39.4,591.0,42860.0,147000.0,25.0,93.86,0.8,1.16,0.51,2.39,0.0,1.18,0.11,,,,,0,0,0
4476820,2001,Westerly,Rhode Island,17682.0,6.77,2896.0,39.4,591.0,42860.0,147000.0,25.0,93.86,0.8,1.16,0.51,2.39,0.0,1.18,0.11,49.0,49.0,1.69,1.69,1,0,0
4476820,2002,Westerly,Rhode Island,17682.0,6.77,,39.4,591.0,42860.0,147000.0,25.0,93.86,0.8,1.16,0.51,2.39,0.0,1.18,0.11,,,,,0,0,0
4476820,2003,Westerly,Rhode Island,17682.0,6.77,,39.4,591.0,42860.0,147000.0,25.0,93.86,0.8,1.16,0.51,2.39,0.0,1.18,0.11,,,,,0,0,0
4476820,2004,Westerly,Rhode Island,17682.0,6.77,,39.4,591.0,42860.0,147000.0,25.0,93.86,0.8,1.16,0.51,2.39,0.0,1.18,0.11,,,,,0,0,0
4476820,2005,Westerly,Rhode Island,17873.0,3.28,,33.2,842.0,52946.0,310000.0,28.8,92.03,0.0,2.25,1.5,2.74,0.0,1.3,0.18,,,,,0,0,0
4476820,2006,Westerly,Rhode Island,17873.0,3.28,,33.2,842.0,52946.0,310000.0,28.8,92.03,0.0,2.25,1.5,2.74,0.0,1.3,0.18,,,,,0,0,0
4476820,2007,Westerly,Rhode Island,17873.0,3.28,2914.0,33.2,842.0,52946.0,310000.0,28.8,92.03,0.0,2.25,1.5,2.74,0.0,1.3,0.18,46.0,45.0,1.54,1.58,1,0,0
4476820,2008,Westerly,Rhode Island,17873.0,3.28,2919.0,33.2,842.0,52946.0,310000.0,28.8,92.03,0.0,2.25,1.5,2.74,0.0,1.3,0.18,39.0,37.0,1.27,1.34,1,0,0
4476820,2009,Westerly,Rhode Island,17873.0,3.28,2922.0,33.2,842.0,52946.0,310000.0,28.8,92.03,0.0,2.25,1.5,2.74,0.0,1.3,0.18,35.0,34.0,1.16,1.2,1,0,0
4476820,2010,Westerly,Rhode Island,17936.0,5.19,2924.0,37.99,974.0,56831.0,284300.0,29.3,90.53,0.94,3.24,0.48,2.94,0.02,1.78,0.08,51.0,51.0,1.74,1.74,1,0,0
4476820,2011,Westerly,Rhode Island,17957.0,6.75,2942.0,40.15,1079.0,58499.0,279200.0,32.3,91.84,0.79,2.46,0.37,3.19,0.0,1.32,0.04,67.0,66.0,2.24,2.28,1,0,0
4476820,2012,Westerly,Rhode Island,17957.0,6.75,,40.15,1079.0,58499.0,279200.0,32.3,91.84,0.79,2.46,0.37,3.19,0.0,1.32,0.04,,,,,0,0,0
4476820,2013,Westerly,Rhode Island,17957.0,6.75,,40.15,1079.0,58499.0,279200.0,32.3,91.84,0.79,2.46,0.37,3.19,0.0,1.32,0.04,,,,,0,0,0
4476820,2014,Westerly,Rhode Island,17957.0,6.75,,40.15,1079.0,58499.0,279200.0,32.3,91.84,0.79,2.46,0.37,3.19,0.0,1.32,0.04,,,,,0,0,0
4476820,2015,Westerly,Rhode Island,17957.0,6.75,3018.0,40.15,1079.0,58499.0,279200.0,32.3,91.84,0.79,2.46,0.37,3.19,0.0,1.32,0.04,105.0,67.0,2.22,3.48,0,0,0
4476820,2016,Westerly,Rhode Island,17957.0,6.75,3036.0,40.15,1079.0,58499.0,279200.0,32.3,91.84,0.79,2.46,0.37,3.19,0.0,1.32,0.04,106.0,64.0,2.11,3.49,1,0,0
4478260,2000,West Warwick,Rhode Island,29581.0,11.17,,45.62,547.0,39505.0,109000.0,23.9,92.31,1.03,3.1,0.31,1.38,0.02,1.64,0.2,,,,,0,0,0
4478260,2001,West Warwick,Rhode Island,29581.0,11.17,,45.62,547.0,39505.0,109000.0,23.9,92.31,1.03,3.1,0.31,1.38,0.02,1.64,0.2,,,,,0,0,0
4478260,2002,West Warwick,Rhode Island,29581.0,11.17,,45.62,547.0,39505.0,109000.0,23.9,92.31,1.03,3.1,0.31,1.38,0.02,1.64,0.2,,,,,0,0,0
4478260,2003,West Warwick,Rhode Island,29581.0,11.17,,45.62,547.0,39505.0,109000.0,23.9,92.31,1.03,3.1,0.31,1.38,0.02,1.64,0.2,,,,,0,0,0
4478260,2004,West Warwick,Rhode Island,29581.0,11.17,,45.62,547.0,39505.0,109000.0,23.9,92.31,1.03,3.1,0.31,1.38,0.02,1.64,0.2,,,,,0,0,0
4478260,2005,West Warwick,Rhode Island,29446.0,6.72,,41.63,817.0,50606.0,235200.0,28.4,87.88,2.52,5.85,0.0,2.87,0.0,0.72,0.16,,,,,0,0,0
4478260,2006,West Warwick,Rhode Island,29446.0,6.72,,41.63,817.0,50606.0,235200.0,28.4,87.88,2.52,5.85,0.0,2.87,0.0,0.72,0.16,,,,,0,0,0
4478260,2007,West Warwick,Rhode Island,29446.0,6.72,,41.63,817.0,50606.0,235200.0,28.4,87.88,2.52,5.85,0.0,2.87,0.0,0.72,0.16,,,,,0,0,0
4478260,2008,West Warwick,Rhode Island,29446.0,6.72,,41.63,817.0,50606.0,235200.0,28.4,87.88,2.52,5.85,0.0,2.87,0.0,0.72,0.16,,,,,0,0,0
4478260,2009,West Warwick,Rhode Island,29446.0,6.72,,41.63,817.0,50606.0,235200.0,28.4,87.88,2.52,5.85,0.0,2.87,0.0,0.72,0.16,,,,,0,0,0
4480780,2000,Woonsocket,Rhode Island,43224.0,19.42,,64.99,483.0,30819.0,112800.0,24.3,79.82,3.91,9.32,0.23,4.01,0.03,2.47,0.21,,,,,0,0,0
4480780,2001,Woonsocket,Rhode Island,43224.0,19.42,,64.99,483.0,30819.0,112800.0,24.3,79.82,3.91,9.32,0.23,4.01,0.03,2.47,0.21,,,,,0,0,0
4480780,2002,Woonsocket,Rhode Island,43224.0,19.42,,64.99,483.0,30819.0,112800.0,24.3,79.82,3.91,9.32,0.23,4.01,0.03,2.47,0.21,,,,,0,0,0
4480780,2003,Woonsocket,Rhode Island,43224.0,19.42,,64.99,483.0,30819.0,112800.0,24.3,79.82,3.91,9.32,0.23,4.01,0.03,2.47,0.21,,,,,0,0,0
4480780,2004,Woonsocket,Rhode Island,43224.0,19.42,,64.99,483.0,30819.0,112800.0,24.3,79.82,3.91,9.32,0.23,4.01,0.03,2.47,0.21,,,,,0,0,0
4480780,2005,Woonsocket,Rhode Island,43643.0,17.98,,58.96,747.0,41001.0,231000.0,29.3,76.87,4.04,12.38,0.13,5.12,0.0,1.47,0.0,,,,,0,0,0
4480780,2006,Woonsocket,Rhode Island,43643.0,17.98,,58.96,747.0,41001.0,231000.0,29.3,76.87,4.04,12.38,0.13,5.12,0.0,1.47,0.0,,,,,0,0,0
4480780,2007,Woonsocket,Rhode Island,43643.0,17.98,10846.0,58.96,747.0,41001.0,231000.0,29.3,76.87,4.04,12.38,0.13,5.12,0.0,1.47,0.0,360.0,345.0,3.18,3.32,1,0,0
4480780,2008,Woonsocket,Rhode Island,43643.0,17.98,10751.0,58.96,747.0,41001.0,231000.0,29.3,76.87,4.04,12.38,0.13,5.12,0.0,1.47,0.0,377.0,351.0,3.26,3.51,1,0,0
4480780,2009,Woonsocket,Rhode Island,43643.0,17.98,10651.0,58.96,747.0,41001.0,231000.0,29.3,76.87,4.04,12.38,0.13,5.12,0.0,1.47,0.0,356.0,340.0,3.19,3.34,1,0,0
4480780,2010,Woonsocket,Rhode Island,41186.0,20.38,10549.0,61.83,768.0,38356.0,197900.0,29.7,71.3,5.32,14.19,0.27,5.38,0.03,3.23,0.29,402.0,379.0,3.59,3.81,0,0,0
4480780,2011,Woonsocket,Rhode Island,41213.0,22.05,10626.0,61.66,821.0,36420.0,159900.0,29.5,71.21,5.85,13.99,0.21,6.69,0.0,1.99,0.05,504.0,481.0,4.53,4.74,0,0,0
4480780,2012,Woonsocket,Rhode Island,41213.0,22.05,10695.0,61.66,821.0,36420.0,159900.0,29.5,71.21,5.85,13.99,0.21,6.69,0.0,1.99,0.05,383.0,364.0,3.4,3.58,1,0,0
4480780,2013,Woonsocket,Rhode Island,41213.0,22.05,10777.0,61.66,821.0,36420.0,159900.0,29.5,71.21,5.85,13.99,0.21,6.69,0.0,1.99,0.05,374.0,359.0,3.33,3.47,0,0,0
4480780,2014,Woonsocket,Rhode Island,41213.0,22.05,10842.0,61.66,821.0,36420.0,159900.0,29.5,71.21,5.85,13.99,0.21,6.69,0.0,1.99,0.05,500.0,374.0,3.45,4.61,0,0,0
4480780,2015,Woonsocket,Rhode Island,41213.0,22.05,10917.0,61.66,821.0,36420.0,159900.0,29.5,71.21,5.85,13.99,0.21,6.69,0.0,1.99,0.05,849.0,614.0,5.62,7.78,0,0,0
4480780,2016,Woonsocket,Rhode Island,41213.0,22.05,10988.0,61.66,821.0,36420.0,159900.0,29.5,71.21,5.85,13.99,0.21,6.69,0.0,1.99,0.05,819.0,584.0,5.31,7.45,0,0,0
4480960,2000,Wyoming,Rhode Island,,,,,,,,,,,,,,,,,,,,,0,0,0
4480960,2001,Wyoming,Rhode Island,,,11.69,,,,,,,,,,,,,,0.0,0.0,0.0,0.0,1,0,0
4480960,2002,Wyoming,Rhode Island,,,,,,,,,,,,,,,,,,,,,0,0,0
4480960,2003,Wyoming,Rhode Island,,,,,,,,,,,,,,,,,,,,,0,0,0
4480960,2004,Wyoming,Rhode Island,,,,,,,,,,,,,,,,,,,,,0,0,0
4480960,2005,Wyoming,Rhode Island,,,,,,,,,,,,,,,,,,,,,0,0,0
4480960,2006,Wyoming,Rhode Island,,,,,,,,,,,,,,,,,,,,,0,0,0
4480960,2007,Wyoming,Rhode Island,,,12.6,,,,,,,,,,,,,,0.08,0.08,0.6,0.6,1,0,0
4480960,2008,Wyoming,Rhode Island,,,12.82,,,,,,,,,,,,,,0.3,0.26,2.06,2.35,1,0,0
4480960,2009,Wyoming,Rhode Island,,,12.82,,,,,,,,,,,,,,0.26,0.26,2.06,2.06,1,0,0
4480960,2010,Wyoming,Rhode Island,270.0,0.0,13.05,28.16,,67578.0,242600.0,,96.67,0.0,2.59,0.0,0.0,0.0,0.74,0.0,0.38,0.38,2.89,2.89,1,0,0
4480960,2011,Wyoming,Rhode Island,96.0,0.0,13.27,75.29,,50568.0,,,100.0,0.0,0.0,0.0,0.0,0.0,0.0,0.0,0.49,0.49,3.69,3.69,1,0,0
4480960,2012,Wyoming,Rhode Island,96.0,0.0,,75.29,,50568.0,,,100.0,0.0,0.0,0.0,0.0,0.0,0.0,0.0,,,,,0,0,0
4480960,2013,Wyoming,Rhode Island,96.0,0.0,,75.29,,50568.0,,,100.0,0.0,0.0,0.0,0.0,0.0,0.0,0.0,,,,,0,0,0
4480960,2014,Wyoming,Rhode Island,96.0,0.0,,75.29,,50568.0,,,100.0,0.0,0.0,0.0,0.0,0.0,0.0,0.0,,,,,0,0,0
4480960,2015,Wyoming,Rhode Island,96.0,0.0,13.8,75.29,,50568.0,,,100.0,0.0,0.0,0.0,0.0,0.0,0.0,0.0,0.53,0.3,2.19,3.83,0,0,0
4480960,2016,Wyoming,Rhode Island,96.0,0.0,14.03,75.29,,50568.0,,,100.0,0.0,0.0,0.0,0.0,0.0,0.0,0.0,0.3,0.23,1.61,2.15,1,0,0
