<?xml version="1.0" encoding="UTF-8"?>
<metadata xml:lang="en"><Esri><CreaDate>20170605</CreaDate><CreaTime>12263400</CreaTime><ArcGISFormat>1.0</ArcGISFormat><ArcGISstyle>FGDC CSDGM Metadata</ArcGISstyle><SyncOnce>FALSE</SyncOnce><DataProperties><itemProps><itemName Sync="TRUE">CCD_LEA_GEO_1516</itemName><imsContentType Sync="TRUE" export="False">002</imsContentType><nativeExtBox><westBL Sync="TRUE">-170.283094</westBL><eastBL Sync="TRUE">144.800161</eastBL><southBL Sync="TRUE">13.475196</southBL><northBL Sync="TRUE">71.291437</northBL><exTypeCode Sync="TRUE">1</exTypeCode></nativeExtBox><itemSize Sync="TRUE">0.504</itemSize><itemLocation><linkage Sync="TRUE">file://\\govs022fs\G\GEOCODE\ASSIGN_1516\CCD\DATA\FINAL\Delivery\CCD_GEO_1516.gdb</linkage><protocol Sync="TRUE">Local Area Network</protocol></itemLocation></itemProps><coordRef><type Sync="TRUE">Geographic</type><geogcsn Sync="TRUE">GCS_North_American_1983</geogcsn><csUnits Sync="TRUE">Angular Unit: Degree (0.017453)</csUnits><peXml Sync="TRUE">&lt;GeographicCoordinateSystem xsi:type='typens:GeographicCoordinateSystem' xmlns:xsi='http://www.w3.org/2001/XMLSchema-instance' xmlns:xs='http://www.w3.org/2001/XMLSchema' xmlns:typens='http://www.esri.com/schemas/ArcGIS/10.4'&gt;&lt;WKT&gt;GEOGCS[&amp;quot;GCS_North_American_1983&amp;quot;,DATUM[&amp;quot;D_North_American_1983&amp;quot;,SPHEROID[&amp;quot;GRS_1980&amp;quot;,6378137.0,298.257222101]],PRIMEM[&amp;quot;Greenwich&amp;quot;,0.0],UNIT[&amp;quot;Degree&amp;quot;,0.0174532925199433],AUTHORITY[&amp;quot;EPSG&amp;quot;,4269]]&lt;/WKT&gt;&lt;XOrigin&gt;-400&lt;/XOrigin&gt;&lt;YOrigin&gt;-400&lt;/YOrigin&gt;&lt;XYScale&gt;1111948722.2222221&lt;/XYScale&gt;&lt;ZOrigin&gt;-100000&lt;/ZOrigin&gt;&lt;ZScale&gt;10000&lt;/ZScale&gt;&lt;MOrigin&gt;-100000&lt;/MOrigin&gt;&lt;MScale&gt;10000&lt;/MScale&gt;&lt;XYTolerance&gt;8.9831528411952133e-009&lt;/XYTolerance&gt;&lt;ZTolerance&gt;0.001&lt;/ZTolerance&gt;&lt;MTolerance&gt;0.001&lt;/MTolerance&gt;&lt;HighPrecision&gt;true&lt;/HighPrecision&gt;&lt;LeftLongitude&gt;-180&lt;/LeftLongitude&gt;&lt;WKID&gt;4269&lt;/WKID&gt;&lt;LatestWKID&gt;4269&lt;/LatestWKID&gt;&lt;/GeographicCoordinateSystem&gt;</peXml></coordRef></DataProperties><SyncDate>20170405</SyncDate><SyncTime>07023800</SyncTime><ModDate>20170405</ModDate><ModTime>07023800</ModTime><scaleRange><minScale>150000000</minScale><maxScale>5000</maxScale></scaleRange><ArcGISProfile>FGDC</ArcGISProfile></Esri><dataIdInfo><envirDesc Sync="TRUE">Microsoft Windows Server 2008 R2 Version 6.1 (Build 7601) Service Pack 1; Esri ArcGIS 10.4.1.5686</envirDesc><dataLang><languageCode value="eng" Sync="TRUE"/><countryCode value="USA" Sync="TRUE"/></dataLang><idCitation xmlns=""><resTitle Sync="TRUE">CCD_LEA_GEO_1516</resTitle><presForm xmlns=""><PresFormCd value="005" Sync="TRUE"/></presForm><citRespParty xmlns=""><rpIndName>Douglas Geverdt</rpIndName><rpOrgName>National Center for Education Statistics</rpOrgName><role><RoleCd value="007"/></role><rpCntInfo xmlns=""><cntAddress addressType=""><delPoint>550 12th Street SW, #4038</delPoint><city>Washington</city><adminArea>D.C.</adminArea><postCode>20202</postCode><eMailAdd>Douglas.Geverdt@ed.gov </eMailAdd><country>US</country></cntAddress><cntPhone><voiceNum tddtty="">(202) 245-8230</voiceNum></cntPhone></rpCntInfo><rpPosName>Administrative Data Division</rpPosName></citRespParty></idCitation><spatRpType><SpatRepTypCd value="001" Sync="TRUE"/></spatRpType><dataExt><geoEle xmlns=""><GeoBndBox esriExtentType="search"><exTypeCode Sync="TRUE">1</exTypeCode><westBL Sync="TRUE">-170.283094</westBL><eastBL Sync="TRUE">144.800161</eastBL><northBL Sync="TRUE">71.291437</northBL><southBL Sync="TRUE">13.475196</southBL></GeoBndBox></geoEle></dataExt><idPurp>The Common Core of Data (CCD) consists of data submitted to the National Center for Education Statistics (NCES). The Census Bureau geocodes the CCD school and agency locations for use in a geographic information system (GIS) or other geographic applications. NCES releases the point location data in the form of a shapefile and geodatabase for public use. </idPurp><idAbs>&lt;DIV STYLE="text-align:Left;"&gt;&lt;DIV&gt;&lt;DIV&gt;&lt;P&gt;&lt;SPAN&gt;The CCD universe collection is a comprehensive listing of public elementary and secondary schools and the LEAs that administer and support them. The CCD includes directory, enrollment, and staffing data at state, LEA, and school levels. State education agencies (SEAs) report these data in a series of file submissions throughout the school year. The CCD school and agency location and associated geographic area assignments are derived from reported information about the physical location of schools and agency administrative offices. The school and agency geocode files include supplemental geographic information for the universe of schools and agencies reported in the 2015-2016 CCD school and agency directory files, and they can be integrated with the directory files through use of institutional identifiers included in both sources.&lt;/SPAN&gt;&lt;/P&gt;&lt;/DIV&gt;&lt;/DIV&gt;&lt;/DIV&gt;</idAbs><searchKeys><keyword>Common Core of Data</keyword><keyword>CCD</keyword><keyword>Public Schools</keyword><keyword>Local Education Agency</keyword><keyword>LEA</keyword><keyword>National Center for Education Statistics</keyword><keyword>NCES</keyword><keyword>Local Education Agency Locations</keyword><keyword>U.S. Census Bureau</keyword><keyword>Education Demographic and Geographic Estimates Program</keyword><keyword>EDGE</keyword><keyword>Points</keyword><keyword>United States</keyword></searchKeys><resConst><Consts xmlns=""><useLimit>&lt;DIV STYLE="text-align:Left;"&gt;&lt;DIV&gt;&lt;DIV&gt;&lt;P&gt;&lt;SPAN&gt;CCD products are not copyrighted. These products are free to use in a product or publication, however acknowledgement must be given to the National Center for Education Statistics as the source. The point information in the CCD school and agency shapefiles are for statistical research purposes only. Coordinates in the shapefiles have six implied decimal places, but the positional accuracy of these coordinates may not be as great as the six decimal places suggest.&lt;/SPAN&gt;&lt;/P&gt;&lt;P&gt;&lt;SPAN /&gt;&lt;/P&gt;&lt;/DIV&gt;&lt;/DIV&gt;&lt;/DIV&gt;</useLimit></Consts></resConst></dataIdInfo><mdLang><languageCode value="eng" Sync="TRUE"/><countryCode value="USA" Sync="TRUE"/></mdLang><mdChar><CharSetCd value="004" Sync="TRUE"/></mdChar><distInfo xmlns=""><distFormat xmlns=""><formatName Sync="TRUE">File Geodatabase Feature Class</formatName></distFormat><distTranOps xmlns=""><transSize Sync="TRUE">0.504</transSize></distTranOps></distInfo><mdHrLv><ScopeCd value="005" Sync="TRUE"/></mdHrLv><mdHrLvName Sync="TRUE">dataset</mdHrLvName><refSysInfo><RefSystem><refSysID><identCode code="4269" Sync="TRUE"/><idCodeSpace Sync="TRUE">EPSG</idCodeSpace><idVersion Sync="TRUE">6.12(3.0.1)</idVersion></refSysID></RefSystem></refSysInfo><spatRepInfo><VectSpatRep><geometObjs Name="CCD_LEA_GEO_1516"><geoObjTyp><GeoObjTypCd value="004" Sync="TRUE"></GeoObjTypCd></geoObjTyp><geoObjCnt Sync="TRUE">0</geoObjCnt></geometObjs><topLvl><TopoLevCd value="001" Sync="TRUE"></TopoLevCd></topLvl></VectSpatRep></spatRepInfo><spdoinfo><ptvctinf><esriterm Name="CCD_LEA_GEO_1516"><efeatyp Sync="TRUE">Simple</efeatyp><efeageom code="1" Sync="TRUE"></efeageom><esritopo Sync="TRUE">FALSE</esritopo><efeacnt Sync="TRUE">0</efeacnt><spindex Sync="TRUE">TRUE</spindex><linrefer Sync="TRUE">FALSE</linrefer></esriterm></ptvctinf></spdoinfo><eainfo><detailed Name="CCD_LEA_GEO_1516" xmlns=""><enttyp><enttypl Sync="TRUE">CCD_LEA_GEO_1516</enttypl><enttypt Sync="TRUE">Feature Class</enttypt><enttypc Sync="TRUE">0</enttypc></enttyp><attr><attrlabl Sync="TRUE">OBJECTID</attrlabl><attalias Sync="TRUE">FID</attalias><attrtype Sync="TRUE">OID</attrtype><attwidth Sync="TRUE">4</attwidth><atprecis Sync="TRUE">0</atprecis><attscale Sync="TRUE">0</attscale><attrdef Sync="TRUE">Internal feature number.</attrdef><attrdefs Sync="TRUE">Esri</attrdefs><attrdomv><udom Sync="TRUE">Sequential unique whole numbers that are automatically generated.</udom></attrdomv></attr><attr xmlns=""><attrlabl Sync="TRUE">Shape</attrlabl><attalias Sync="TRUE">Shape</attalias><attrtype Sync="TRUE">Geometry</attrtype><attwidth Sync="TRUE">0</attwidth><atprecis Sync="TRUE">0</atprecis><attscale Sync="TRUE">0</attscale><attrdef Sync="TRUE">Feature geometry.</attrdef><attrdefs Sync="TRUE">Esri</attrdefs><attrdomv><udom Sync="TRUE">Coordinates defining the features.</udom></attrdomv></attr><attr xmlns=""><attrlabl Sync="TRUE">LEAID</attrlabl><attalias Sync="TRUE">LEAID</attalias><attrtype Sync="TRUE">String</attrtype><attwidth Sync="TRUE">7</attwidth><atprecis Sync="TRUE">0</atprecis><attscale Sync="TRUE">0</attscale><attrdef>Local Education Agency identification number</attrdef><attrdefs>National Center for Education Statistics</attrdefs></attr><attr xmlns=""><attrlabl Sync="TRUE">NAME</attrlabl><attalias Sync="TRUE">NAME</attalias><attrtype Sync="TRUE">String</attrtype><attwidth Sync="TRUE">32</attwidth><atprecis Sync="TRUE">0</atprecis><attscale Sync="TRUE">0</attscale><attrdef>Local Education Agency Name</attrdef><attrdefs>Local Education Agency</attrdefs><attrvai><attrva>Names do not exist in a known, predefined set.</attrva></attrvai></attr><attr xmlns=""><attrlabl Sync="TRUE">OPSTFIPS</attrlabl><attalias Sync="TRUE">OPSTFIPS</attalias><attrtype Sync="TRUE">String</attrtype><attwidth Sync="TRUE">2</attwidth><atprecis Sync="TRUE">0</atprecis><attscale Sync="TRUE">0</attscale><attrdef>Local Education Agency Reported State</attrdef><attrdefs>Local Education Agency</attrdefs></attr><attr xmlns=""><attrlabl Sync="TRUE">LSTREE</attrlabl><attalias Sync="TRUE">LSTREE</attalias><attrtype Sync="TRUE">String</attrtype><attwidth Sync="TRUE">30</attwidth><atprecis Sync="TRUE">0</atprecis><attscale Sync="TRUE">0</attscale><attrdef>Location Address</attrdef><attrdefs>Local Education Agency</attrdefs></attr><attr xmlns=""><attrlabl Sync="TRUE">LCITY</attrlabl><attalias Sync="TRUE">LCITY</attalias><attrtype Sync="TRUE">String</attrtype><attwidth Sync="TRUE">30</attwidth><atprecis Sync="TRUE">0</atprecis><attscale Sync="TRUE">0</attscale><attrdef>Location City</attrdef><attrdefs>Local Education Agency</attrdefs></attr><attr xmlns=""><attrlabl Sync="TRUE">LSTATE</attrlabl><attalias Sync="TRUE">LSTATE</attalias><attrtype Sync="TRUE">String</attrtype><attwidth Sync="TRUE">2</attwidth><atprecis Sync="TRUE">0</atprecis><attscale Sync="TRUE">0</attscale><attrdef>Location State</attrdef><attrdefs>Local Education Agency</attrdefs></attr><attr xmlns=""><attrlabl Sync="TRUE">LZIP</attrlabl><attalias Sync="TRUE">LZIP</attalias><attrtype Sync="TRUE">String</attrtype><attwidth Sync="TRUE">5</attwidth><atprecis Sync="TRUE">0</atprecis><attscale Sync="TRUE">0</attscale><attrdef>Location ZIP Code</attrdef><attrdefs>Local Education Agency</attrdefs></attr><attr xmlns=""><attrlabl Sync="TRUE">LZIP4</attrlabl><attalias Sync="TRUE">LZIP4</attalias><attrtype Sync="TRUE">String</attrtype><attwidth Sync="TRUE">4</attwidth><atprecis Sync="TRUE">0</atprecis><attscale Sync="TRUE">0</attscale><attrdef>Location ZIP+4 Code</attrdef><attrdefs>Local Education Agency</attrdefs></attr><attr xmlns=""><attrlabl Sync="TRUE">STFIP15</attrlabl><attalias Sync="TRUE">STFIP15</attalias><attrtype Sync="TRUE">String</attrtype><attwidth Sync="TRUE">2</attwidth><atprecis Sync="TRUE">0</atprecis><attscale Sync="TRUE">0</attscale><attrdef>Location State FIPS Code</attrdef><attrdefs>U.S. Census Bureau</attrdefs><attrdomv><codesetd xmlns=""><codesetn>National Standard Codes (ANSI INCITS 38-2009), Federal Information Processing Series (FIPS) - States/State Equivalents</codesetn><codesets>U.S. Census Bureau</codesets></codesetd></attrdomv></attr><attr xmlns=""><attrlabl Sync="TRUE">CNTY15</attrlabl><attalias Sync="TRUE">CNTY15</attalias><attrtype Sync="TRUE">String</attrtype><attwidth Sync="TRUE">5</attwidth><atprecis Sync="TRUE">0</atprecis><attscale Sync="TRUE">0</attscale><attrdef>County FIPS</attrdef><attrdefs>U.S. Census Bureau</attrdefs><attrdomv><codesetd xmlns=""><codesetn>National Standard Codes (ANSI INCITS 31-2009), Federal Information Processing Series (FIPS) - Counties/County Equivalents</codesetn><codesets>U.S. Census Bureau</codesets></codesetd></attrdomv></attr><attr xmlns=""><attrlabl Sync="TRUE">NMCNTY15</attrlabl><attalias Sync="TRUE">NMCNTY15</attalias><attrtype Sync="TRUE">String</attrtype><attwidth Sync="TRUE">100</attwidth><atprecis Sync="TRUE">0</atprecis><attscale Sync="TRUE">0</attscale><attrdef>Current name and the translated legal/statistical area description for county</attrdef><attrdefs>U.S. Census Bureau</attrdefs><attrvai><attrva>The NMCNTY15 attribute is a concatenation of the county name followed by the translated legal/statistical area description.</attrva></attrvai><attrdomv><codesetd xmlns=""><codesetn>National Standard Codes (ANSI INCITS 31-2009), Federal Information Processing Series (FIPS) - Counties/County Equivalents</codesetn><codesets>U.S. Census Bureau</codesets></codesetd></attrdomv></attr><attr xmlns=""><attrlabl Sync="TRUE">LAT1516</attrlabl><attalias Sync="TRUE">LAT1516</attalias><attrtype Sync="TRUE">Double</attrtype><attwidth Sync="TRUE">8</attwidth><atprecis Sync="TRUE">0</atprecis><attscale Sync="TRUE">0</attscale><attrdef>Latitude</attrdef><attrdefs>U.S. Census Bureau</attrdefs></attr><attr xmlns=""><attrlabl Sync="TRUE">LON1516</attrlabl><attalias Sync="TRUE">LON1516</attalias><attrtype Sync="TRUE">Double</attrtype><attwidth Sync="TRUE">8</attwidth><atprecis Sync="TRUE">0</atprecis><attscale Sync="TRUE">0</attscale><attrdef>Longitude</attrdef><attrdefs>U.S. Census Bureau</attrdefs></attr><attr xmlns=""><attrlabl Sync="TRUE">CBSA15</attrlabl><attalias Sync="TRUE">CBSA15</attalias><attrtype Sync="TRUE">String</attrtype><attwidth Sync="TRUE">5</attwidth><atprecis Sync="TRUE">0</atprecis><attscale Sync="TRUE">0</attscale><attrdef>Current metropolitan statistical area/micropolitan statistical area code</attrdef><attrdefs>The Office of Managment and Budget</attrdefs><attrdomv><rdom xmlns=""><rdommin>10000</rdommin><rdommax>49999</rdommax></rdom></attrdomv></attr><attr xmlns=""><attrlabl Sync="TRUE">NMCBSA15</attrlabl><attalias Sync="TRUE">NMCBSA15</attalias><attrtype Sync="TRUE">String</attrtype><attwidth Sync="TRUE">100</attwidth><atprecis Sync="TRUE">0</atprecis><attscale Sync="TRUE">0</attscale><attrdef>Current metropolitan statistical area/micropolitan statistical area name</attrdef><attrdefs>The Office of Management and Budget</attrdefs><attrvai><attrva>Values for this attribute are composed of a set of metropolitan/micropolitan statistical area names. As such, they do not exist in a known, predefined set.</attrva></attrvai></attr><attr xmlns=""><attrlabl Sync="TRUE">CBSATYPE15</attrlabl><attalias Sync="TRUE">CBSATYPE15</attalias><attrtype Sync="TRUE">String</attrtype><attwidth Sync="TRUE">1</attwidth><atprecis Sync="TRUE">0</atprecis><attscale Sync="TRUE">0</attscale><attrdef>Current metropolitan/micropolitan status indicator</attrdef><attrdefs>U.S. Census Bureau</attrdefs><attrdomv><edom xmlns=""><edomv>1</edomv><edomvd>Metropolitan</edomvd><edomvds>U.S. Census Bureau</edomvds></edom><edom xmlns=""><edomv>2</edomv><edomvd>Micropolitan</edomvd><edomvds>U.S. Census Bureau</edomvds></edom><edom xmlns=""><edomv>N</edomv><edomvd>Not in a Metropolitan or Micropolitan Statistical Area</edomvd><edomvds>U.S. Census Bureau</edomvds></edom></attrdomv></attr><attr xmlns=""><attrlabl Sync="TRUE">CSA15</attrlabl><attalias Sync="TRUE">CSA15</attalias><attrtype Sync="TRUE">String</attrtype><attwidth Sync="TRUE">3</attwidth><atprecis Sync="TRUE">0</atprecis><attscale Sync="TRUE">0</attscale><attrdef>Current combined statistical area code, if applicable</attrdef><attrdefs>The Office of Management and Budget</attrdefs><attrdomv><rdom xmlns=""><rdommin>100</rdommin><rdommax>599</rdommax></rdom></attrdomv></attr><attr xmlns=""><attrlabl Sync="TRUE">NMCSA15</attrlabl><attalias Sync="TRUE">NMCSA15</attalias><attrtype Sync="TRUE">String</attrtype><attwidth Sync="TRUE">100</attwidth><atprecis Sync="TRUE">0</atprecis><attscale Sync="TRUE">0</attscale><attrdef>Current combined statistical area name</attrdef><attrdefs>The Office of Management and Budget</attrdefs><attrvai><attrva>Values for this attribute are composed of a set of combined statistical area names. As such, they do not exist in a known, predefined set.</attrva></attrvai></attr><attr xmlns=""><attrlabl Sync="TRUE">NECTA15</attrlabl><attalias Sync="TRUE">NECTA15</attalias><attrtype Sync="TRUE">String</attrtype><attwidth Sync="TRUE">5</attwidth><atprecis Sync="TRUE">0</atprecis><attscale Sync="TRUE">0</attscale><attrdef>Current New England city and town area code</attrdef><attrdefs>The Office of Management and Budget</attrdefs><attrdomv><rdom xmlns=""><rdommin>70000</rdommin><rdommax>79999</rdommax></rdom></attrdomv></attr><attr xmlns=""><attrlabl Sync="TRUE">NMNECTA15</attrlabl><attalias Sync="TRUE">NMNECTA15</attalias><attrtype Sync="TRUE">String</attrtype><attwidth Sync="TRUE">100</attwidth><atprecis Sync="TRUE">0</atprecis><attscale Sync="TRUE">0</attscale><attrdef>Current New England city and town area name</attrdef><attrdefs>The Office of Managment and Budget</attrdefs><attrvai><attrva>Values for this attribute are composed of a set of New England city and town area names. As such, they do not exist in a known, predefined set.</attrva></attrvai></attr><attr xmlns=""><attrlabl Sync="TRUE">CD15</attrlabl><attalias Sync="TRUE">CD15</attalias><attrtype Sync="TRUE">String</attrtype><attwidth Sync="TRUE">4</attwidth><atprecis Sync="TRUE">0</atprecis><attscale Sync="TRUE">0</attscale><attrdef>114th congressional district identifier, a concatenation of state FIPS code and the 114th congressional district FIPS code</attrdef><attrdefs>U.S. Census Bureau</attrdefs><attrdomv><codesetd xmlns=""><codesetn>The CD15 attribute is a concatenation of the state FIPS code followed by the CD FIPS code. No spaces are allowed between the two codes. The State FIPS code is taken from "National Standard Codes (ANSI INCITS 38-2009), Federal Information Processing Series (FIPS) - States". The CD FIPS code is taken from "National Standard Codes (ANSI INCITS 455-2009), Federal Information Processing Series (FIPS) - Congressional Districts".</codesetn><codesets>U.S. Census Bureau</codesets></codesetd></attrdomv></attr><attr xmlns=""><attrlabl Sync="TRUE">SLDL15</attrlabl><attalias Sync="TRUE">SLDL15</attalias><attrtype Sync="TRUE">String</attrtype><attwidth Sync="TRUE">3</attwidth><atprecis Sync="TRUE">0</atprecis><attscale Sync="TRUE">0</attscale><attrdef>Current state legislative district (lower chamber) code</attrdef><attrdefs>U.S. Census Bureau</attrdefs><attrvai><attrva>Any ASCII alphabetic or numeric character combination plus hyphens from one to three characters. A code of ZZZ represents a State legislative district (lower chamber) that has not been defined.</attrva></attrvai></attr><attr xmlns=""><attrlabl Sync="TRUE">SLDU15</attrlabl><attalias Sync="TRUE">SLDU15</attalias><attrtype Sync="TRUE">String</attrtype><attwidth Sync="TRUE">3</attwidth><atprecis Sync="TRUE">0</atprecis><attscale Sync="TRUE">0</attscale><attrdef>Current state legislative district (upper chamber) code</attrdef><attrdefs>U.S. Census Bureau</attrdefs><attrvai><attrva>Any ASCII alphabetic or numeric character combination plus hyphens from one to three characters. A code of ZZZ represents a State legislative district (upper chamber) that has not been defined.</attrva></attrvai></attr></detailed></eainfo><mdDateSt Sync="TRUE">20170405</mdDateSt><dqInfo xmlns=""><report type="DQConcConsis" dimension="" xmlns=""><measDesc>EDGE performed automated tests to ensure logical consistency and limits of the shapefiles. Standard geographic codes, such as FIPS codes for states, counties, state legislative districts, and congressional districts are used when encoding spatial entities. EDGE performed spatial data tests for logical consistency of the codes during the creation of the shapefiles and geodatabase file. Most of the codes for geographic entities except states, counties, Core Based Statistical Areas (CBSAs), Combined Statistical Areas (CSAs), New England Statistical Areas (NECTAs), state legislative districts, and congressional districts were provided to the Census Bureau by the USGS, the agency responsible for maintaining the Geographic Names Information System (GNIS). Feature attribute information has been examined but has not been fully tested for consistency. </measDesc></report><report type="DQCompOm" dimension="" xmlns=""><measDesc>Data completeness of the CCD agency and school shapefiles reflects the contents of the CCD universe at the time the shapefiles were created.</measDesc></report><report type="DQQuanAttAcc" dimension="" xmlns=""><measDesc>The attibutes are accurate against National Standard Codes, Federal Information Processing (FIPS) and the Geographic Names Information System (GNIS) at the 100% level for the codes and base names. The remaining attribute information has been examined but has not been fully tested for accuracy.</measDesc></report></dqInfo></metadata>
